Text,Sentiment,Timestamp,User,Platform,Hashtags,Retweets,Likes,Country,Year,Month,Day,Hour
Enjoying a beautiful day at the park!,Positive,2023-01-15 12:30:00,User 123,Twitter, #Nature #Park                            ,15,30,USA,2023,1,15,12
Traffic was terrible this morning.,Negative,2023-01-15 08:45:00,Commuter X,Twitter, #Traffic #Morning                        ,5,10,CANADA,2023,1,15,8
Just finished an amazing workout! 💪,Positive,2023-01-15 15:45:00,Fitness Fan,Instagram, #Fitness #Workout                        ,20,40,USA,2023,1,15,15
Excited about the upcoming weekend getaway!,Positive,2023-01-15 18:20:00,Adventure X,Facebook, #Travel #Adventure                       ,8,15,UK,2023,1,15,18
Trying out a new recipe for dinner tonight.,Neutral,2023-01-15 19:55:00,Chef Cook,Instagram, #Cooking #Food                           ,12,25,AUSTRALIA,2023,1,15,19
Feeling grateful for the little things in life.,Positive,2023-01-16 09:10:00,Gratitude Now,Twitter, #Gratitude #PositiveVibes              ,25,50,INDIA,2023,1,16,9
Rainy days call for cozy blankets and hot cocoa.,Positive,2023-01-16 14:45:00,Rainy Days,Facebook, #RainyDays #Cozy                         ,10,20,CANADA,2023,1,16,14
The new movie release is a must-watch!,Positive,2023-01-16 19:30:00,Movie Buff,Instagram, #MovieNight #MustWatch                  ,15,30,USA,2023,1,16,19
Political discussions heating up on the timeline.,Negative,2023-01-17 08:00:00,Debate Talk,Twitter, #Politics #Debate                       ,30,60,USA,2023,1,17,8
Missing summer vibes and beach days.,Neutral,2023-01-17 12:20:00,Beach Lover,Facebook, #Summer #BeachDays                      ,18,35,AUSTRALIA,2023,1,17,12
Just published a new blog post. Check it out!,Positive,2023-01-17 15:15:00,Blogger X,Instagram, #Blogging #NewPost                      ,22,45,USA,2023,1,17,15
Feeling a bit under the weather today.,Negative,2023-01-18 10:30:00,Wellness Check,Twitter, #SickDay #Health                        ,7,15,CANADA,2023,1,18,10
Exploring the city's hidden gems.,Positive,2023-01-18 14:50:00,Urban Explorer,Facebook, #CityExplore #HiddenGems                ,12,25,UK,2023,1,18,14
"New year, new fitness goals! 💪",Positive,2023-01-18 18:00:00,Fit Journey,Instagram, #NewYear #FitnessGoals                  ,28,55,USA,2023,1,18,18
Technology is changing the way we live.,Neutral,2023-01-19 09:45:00,Tech Enthusiast,Twitter, #Tech #Innovation                       ,15,30,INDIA,2023,1,19,9
Reflecting on the past and looking ahead.,Positive,2023-01-19 13:20:00,Reflections,Facebook, #Reflection #Future                     ,20,40,USA,2023,1,19,13
Just adopted a cute furry friend! 🐾,Positive,2023-01-19 17:10:00,Pet Adopter,Instagram, #PetAdoption #FurryFriend               ,15,30,CANADA,2023,1,19,17
Late-night gaming session with friends.,Positive,2023-01-20 00:05:00,Gamer X,Twitter, #Gaming #LateNight                      ,18,35,UK,2023,1,20,0
Attending a virtual conference on AI.,Neutral,2023-01-20 11:30:00,Tech Conference,Facebook, #AI #TechConference                     ,25,50,USA,2023,1,20,11
Winter blues got me feeling low.,Negative,2023-01-20 15:15:00,Winter Blues,Instagram, #WinterBlues #Mood                      ,8,15,USA,2023,1,20,15
Sipping coffee and enjoying a good book.,Positive,2023-01-21 08:40:00,Bookworm,Twitter, #Reading #CoffeeTime                    ,22,45,INDIA,2023,1,21,8
Exploring the world of virtual reality.,Positive,2023-01-21 13:20:00,VRExplorer,Facebook, #VR #VirtualReality                     ,15,30,USA,2023,1,21,13
Productive day ticking off my to-do list.,Positive,2023-01-21 16:45:00,Productivity Pro,Instagram, #Productivity #WorkFromHome           ,30,60,USA,2023,1,21,16
Just finished a challenging workout routine.,Positive,2023-01-22 09:15:00,Fitness Warrior,Twitter, #Fitness #ChallengeAccepted             ,20,40,UK,2023,1,22,9
Celebrating a milestone at work! 🎉,Positive,2023-01-22 14:30:00,Career Milestone,Facebook, #Career #Milestone                      ,12,25,CANADA,2023,1,22,14
Sunday brunch with friends.,Positive,2023-01-22 12:00:00,Brunch Buddy,Instagram, #Brunch #Friends                       ,15,30,UK,2023,1,22,12
Learning a new language for personal growth.,Positive,2023-01-23 16:20:00,Language Learner,Facebook, #LanguageLearning #PersonalGrowth       ,25,50,INDIA,2023,1,23,16
Quiet evening with a good book.,Positive,2023-01-23 19:45:00,Book Lover,Instagram, #Reading #QuietTime                     ,15,30,AUSTRALIA,2023,1,23,19
Reflecting on the importance of mental health.,Positive,2023-01-24 11:30:00,Mental Health Matters,Twitter, #MentalHealth #SelfCare                 ,22,45,USA,2023,1,24,11
New painting in progress! 🎨,Positive,2023-01-24 15:00:00,Artist In Action,Facebook, #Art #PaintingInProgress             ,12,25,CANADA,2023,1,24,15
Weekend road trip to explore scenic views.,Positive,2023-01-24 17:30:00,Road Tripper,Instagram, #RoadTrip #ScenicViews                  ,18,35,UK,2023,1,24,17
Enjoying a cup of tea and watching the sunset.,Positive,2023-01-25 18:00:00,Sunset Watcher,Twitter, #TeaTime #Sunset                       ,15,30,INDIA,2023,1,25,18
Coding a new project with enthusiasm.,Positive,2023-01-25 13:15:00,Code Enthusiast,Facebook, #Coding #Enthusiasm                   ,30,60,USA,2023,1,25,13
Feeling inspired after attending a workshop.,Positive,2023-01-26 09:45:00,Workshop Attendee,Instagram, #Inspiration #Workshop                  ,25,50,USA,2023,1,26,9
Winter sports day at the local park.,Positive,2023-01-26 14:20:00,Winter Sports,Twitter, #WinterSports #Fun                     ,15,30,CANADA,2023,1,26,14
Quality time with family this weekend.,Positive,2023-01-26 17:40:00,Family Time,Facebook, #FamilyTime #Weekend                    ,22,45,UK,2023,1,26,17
Attending a live music concert tonight.,Positive,2023-01-27 20:00:00,Music Lover,Instagram, #Music #ConcertNight                  ,18,35,USA,2023,1,27,20
Practicing mindfulness with meditation.,Positive,2023-01-27 12:30:00,Mindful Moments,Twitter, #Mindfulness #Meditation               ,15,30,INDIA,2023,1,27,12
Trying out a new dessert recipe.,Positive,2023-01-27 16:10:00,Dessert Explorer,Facebook, #Dessert #Cooking                      ,12,25,CANADA,2023,1,27,16
Excited about the upcoming gaming tournament.,Positive,2023-01-28 09:00:00,Gaming Enthusiast,Instagram, #Gaming #Tournament                     ,30,60,USA,2023,1,28,9
Planning a garden makeover for spring.,Positive,2023-01-28 14:45:00,Garden Planner,Twitter, #Gardening #Spring                     ,25,50,USA,2023,1,28,14
Celebrating a friend's birthday tonight! 🎂,Positive,2023-01-28 19:30:00,Birthday Bash,Facebook, #Birthday #Celebration                  ,15,30,UK,2023,1,28,19
Feeling accomplished after a productive day.,Positive,2023-01-29 17:00:00,Productivity Win,Instagram, #Accomplished #Success               ,22,45,INDIA,2023,1,29,17
A cozy evening with a good movie.,Positive,2023-01-29 20:20:00,Movie Night,Twitter, #CozyNight #MovieTime                   ,18,35,CANADA,2023,1,29,20
Exploring local art galleries this weekend.,Positive,2023-01-30 11:30:00,Art Explorer,Facebook, #Art #GalleryExplore                    ,15,30,USA,2023,1,30,11
New book release from my favorite author!,Positive,2023-01-30 15:45:00,Bookworm X,Instagram, #BookRelease #FavoriteAuthor           ,12,25,UK,2023,1,30,15
Attending a virtual reality meetup.,Positive,2023-01-30 18:30:00,VRMeetup,Twitter, #VRMeetup #VirtualReality               ,28,55,INDIA,2023,1,30,18
Reflecting on the beauty of nature.,Positive,2023-01-31 10:45:00,Nature Lover,Facebook, #Nature #Reflection                     ,15,30,AUSTRALIA,2023,1,31,10
Cooking a special dinner for loved ones.,Positive,2023-01-31 19:00:00,Chef At Home,Instagram, #Cooking #SpecialDinner                ,20,40,USA,2023,1,31,19
Feeling optimistic about the week ahead.,Positive,2023-01-31 16:20:00,Optimistic Mindset,Twitter, #Optimism #NewWeek                     ,15,30,CANADA,2023,1,31,16
Starting a new fitness challenge tomorrow! 💪,Positive,2023-02-01 08:00:00,Fitness Challenge,Facebook, #FitnessChallenge #NewBeginnings       ,22,45,UK,2023,2,1,8
Sunday bike ride through scenic trails.,Positive,2023-02-01 13:30:00,Bike Explorer,Instagram, #BikeRide #ScenicTrails                ,18,35,USA,2023,2,1,13
Can't believe the injustice happening in our society.,Anger,2023-02-11 09:30:00,Social Justice,Twitter, #Injustice #Angry                            ,20,40,CANADA,2023,2,11,9
Feeling a sense of fear after watching a thriller movie.,Fear,2023-02-11 21:15:00,Thriller Fan,Instagram, #Fear #ThrillerMovie                         ,15,30,USA,2023,2,11,21
Heartbroken after hearing the news about a natural disaster.,Sadness,2023-02-12 14:45:00,Empathy First,Facebook, #Sadness #NaturalDisaster                    ,25,50,INDIA,2023,2,12,14
The state of the world's environment is just disgusting.,Disgust,2023-02-12 18:20:00,Eco Awareness,Twitter, #Disgust #Environment                        ,18,35,UK,2023,2,12,18
Pure happiness: celebrating a loved one's achievement!,Happiness,2023-02-13 10:00:00,Proud Friend,Instagram, #Happiness #Celebration                   ,30,60,USA,2023,2,13,10
Laughter is the best medicine—enjoying a comedy show.,Joy,2023-02-13 19:30:00,Comedy Fan,Facebook, #Joy #ComedyShow                             ,22,45,CANADA,2023,2,13,19
Sharing love and positive vibes with everyone! ❤️,Love,2023-02-14 08:30:00,Love Spreader,Twitter, #Love #SpreadLove                            ,15,30,AUSTRALIA,2023,2,14,8
An amusing incident brightened up my day!,Amusement,2023-02-14 14:20:00,Amused Soul,Instagram, #Amusement #FunTimes                         ,18,35,UK,2023,2,14,14
Enjoying a quiet evening with a book and some tea.,Enjoyment,2023-02-14 19:45:00,Book Lover Again,Facebook, #Enjoyment #BookTime                         ,25,50,CANADA,2023,2,14,19
Admiring the beauty of nature during a peaceful hike.,Admiration,2023-02-15 11:30:00,Nature Admirer,Twitter, #Admiration #Nature                         ,20,40,USA,2023,2,15,11
Sending affectionate vibes to all my followers!,Affection,2023-02-15 16:00:00,Affection Sender,Instagram, #Affection #PositiveVibes                   ,15,30,USA,2023,2,15,16
Experiencing awe at the breathtaking sunset.,Awe,2023-02-15 20:30:00,Awe Struck,Facebook, #Awe #Breathtaking                          ,22,45,AUSTRALIA,2023,2,15,20
Disappointed with the service at a local restaurant.,Disappointed,2023-02-16 09:00:00,Foodie Gone Wrong,Twitter, #Disappointed #BadService                   ,18,35,INDIA,2023,2,16,9
A surprise gift from a friend made my day!,Surprise,2023-02-16 14:45:00,Happy Surprise,Instagram, #Surprise #Gift                              ,25,50,USA,2023,2,16,14
Finding acceptance in the midst of life's challenges.,Acceptance,2023-02-16 18:20:00,Acceptance Seeker,Facebook, #Acceptance #Challenges                     ,15,30,CANADA,2023,2,16,18
Overflowing with adoration for my adorable pet! 🐾,Adoration,2023-02-17 10:45:00,Pet Adorer,Twitter, #Adoration #PetLove                         ,22,45,UK,2023,2,17,10
Anticipating a thrilling adventure in the coming weeks.,Anticipation,2023-02-17 07:30:00,Adventure Awaits,Instagram, #Anticipation #Adventure                    ,20,40,USA,2023,2,17,7
A bitter experience turned into a valuable lesson.,Bitter,2023-02-17 15:00:00,Learn From Bitter,Facebook, #BitterLesson #Growth                      ,18,35,USA,2023,2,17,15
Finding calmness in the midst of a busy day.,Calmness,2023-02-18 09:30:00,Zen Master,Twitter, #Calmness #PeacefulMind                    ,15,30,INDIA,2023,2,18,9
Confusion clouds my mind as I navigate through decisions.,Confusion,2023-02-18 14:20:00,Confused Mind,Instagram, #Confusion #DecisionMaking                 ,25,50,UK,2023,2,18,14
Excitement building up for the upcoming vacation!,Excitement,2023-02-18 18:45:00,Vacation Dreamer,Facebook, #Excitement #TravelPlans                   ,22,45,CANADA,2023,2,18,18
Kindness witnessed today restored my faith in humanity.,Kind,2023-02-19 11:30:00,Kindness Prevails,Twitter, #Kindness #Humanity                        ,20,40,USA,2023,2,19,11
Pride in achieving a personal milestone.,Pride,2023-02-19 16:00:00,Personal Achiever,Instagram, #Pride #Milestone                           ,30,60,AUSTRALIA,2023,2,19,16
A moment of shame for not standing up against injustice.,Shame,2023-02-19 19:45:00,Reflective Self,Facebook, #Shame #Injustice                           ,15,30,INDIA,2023,2,19,19
Fuming with anger after a heated argument.,Anger,2023-02-20 09:30:00,Angry Debater,Twitter, #Anger #Argument                             ,20,40,CANADA,2023,2,20,9
The fear of the unknown is keeping me up at night.,Fear,2023-02-20 21:15:00,Fearful Dreamer,Instagram, #Fear #Unknown                               ,15,30,USA,2023,2,20,21
Heartfelt sadness after bidding farewell to a dear friend.,Sadness,2023-02-21 14:45:00,Farewell Heart,Facebook, #Sadness #Farewell                          ,25,50,INDIA,2023,2,21,14
The state of corruption in our society is utterly disgusting.,Disgust,2023-02-21 18:20:00,Anti Corruption,Twitter, #Disgust #Corruption                         ,18,35,UK,2023,2,21,18
Overflowing happiness: welcoming a new family member!,Happiness,2023-02-22 10:00:00,New Parent Joy,Instagram, #Happiness #NewFamilyMember                 ,30,60,UK,2023,2,22,10
Laughter is the key to joy—attending a stand-up comedy show.,Joy,2023-02-22 19:30:00,Stand Up Fan,Facebook, #Joy #StandUpComedy                         ,22,45,CANADA,2023,2,22,19
Sending love to all my followers on this beautiful day! ❤️,Love,2023-02-23 08:30:00,Love Sender,Twitter, #Love #SpreadLove                            ,15,30,AUSTRALIA,2023,2,23,8
Amused by the antics of my pet—it's pure amusement!,Amusement,2023-02-23 14:20:00,Pet Amuser,Instagram, #Amusement #PetAntics                       ,18,35,UK,2023,2,23,14
Enjoying every moment of this trip—pure enjoyment!,Enjoyment,2023-02-23 19:45:00,Travel Explorer,Facebook, #Enjoyment #Travel                           ,25,50,USA,2023,2,23,19
Admiring the dedication of volunteers at a local charity.,Admiration,2023-02-24 11:30:00,Charity Admirer,Twitter, #Admiration #Volunteers                     ,20,40,USA,2023,2,24,11
Sending affectionate vibes to friends and family.,Affection,2023-02-24 16:00:00,Family Lover,Instagram, #Affection #FamilyLove                      ,15,30,USA,2023,2,24,16
Awe-struck by the beauty of the night sky.,Awe,2023-02-24 20:30:00,Stargazer,Facebook, #Awe #StarryNight                        ,22,45,AUSTRALIA,2023,2,24,20
Disappointed with the lack of progress in a personal project.,Disappointed,2023-02-25 09:00:00,Project Struggle,Twitter, #Disappointed #Project                     ,18,35,INDIA,2023,2,25,9
A surprise visit from an old friend brought tears of joy.,Surprise,2023-02-25 14:45:00,Joyful Reunion,Instagram, #Surprise #OldFriends                       ,25,50,USA,2023,2,25,14
Embracing acceptance of life's ups and downs.,Acceptance,2023-02-25 18:20:00,Life Acceptance,Facebook, #Acceptance #LifeJourney                   ,15,30,CANADA,2023,2,25,18
Overflowing adoration for a cute rescue puppy! 🐶,Adoration,2023-02-26 10:45:00,Puppy Admirer,Twitter, #Adoration #PuppyLove                       ,22,45,UK,2023,2,26,10
Anticipating the release of a much-awaited movie.,Anticipation,2023-02-26 07:30:00,Movie Buff 2,Instagram, #Anticipation #MovieRelease                 ,20,40,AUSTRALIA,2023,2,26,7
Bitter experience at the customer service department.,Bitter,2023-02-26 15:00:00,Customer Woes,Facebook, #BitterExperience #CustomerService         ,18,35,USA,2023,2,26,15
Finding calmness amidst the chaos of daily life.,Calmness,2023-02-27 09:30:00,Calm Soul,Twitter, #Calmness #InnerPeace                      ,15,30,INDIA,2023,2,27,9
Confusion reigns as I try to make sense of recent events.,Confusion,2023-02-27 14:20:00,Confused Mind 2,Instagram, #Confusion #MakingSense                    ,25,50,UK,2023,2,27,14
Excitement building up for a surprise birthday party.,Excitement,2023-02-27 18:45:00,Birthday Excite,Facebook, #Excitement #SurpriseParty                 ,22,45,CANADA,2023,2,27,18
Witnessed an act of kindness that made my day.,Kind,2023-02-28 11:30:00,Kindness Observer,Twitter, #Kindness #ActsOfKindness                  ,20,40,USA,2023,2,28,11
Pride in completing a challenging fitness challenge.,Pride,2023-02-28 16:00:00,Fit Achiever,Instagram, #Pride #FitnessChallengeCompleted          ,30,60,UK,2023,2,28,16
A moment of shame for not speaking up against injustice.,Shame,2023-02-28 19:45:00,Reflective Self 2,Facebook, #Shame #Injustice                           ,15,30,INDIA,2023,2,28,19
Reflecting on the beauty of diversity in our world.,Acceptance,2023-03-01 10:45:00,Diversity Lover,Twitter, #Acceptance #Diversity                      ,22,45,AUSTRALIA,2023,3,1,10
Excitement for a quiet evening with a good book.,Excitement,2023-03-01 13:30:00,Bookworm Joy,Instagram, #Excitement #BookTime                       ,18,35,USA,2023,3,1,13
Feeling bitter about the unfairness in the workplace.,Bitter,2023-03-01 17:45:00,Workplace Woes,Twitter, #Bitter #Unfairness                         ,15,30,CANADA,2023,3,1,17
Calmness prevails as I practice mindfulness.,Calmness,2023-03-02 18:00:00,Mindful Me,Facebook, #Calmness #Mindfulness                      ,15,30,UK,2023,3,2,18
Confusion surrounds me as I navigate through life's choices.,Confusion,2023-03-02 13:15:00,Confused Mind 3,Instagram, #Confusion #LifeChoices                     ,30,60,USA,2023,3,2,13
Excitement for a weekend road trip to explore new places.,Excitement,2023-03-02 16:45:00,Road Tripper 2,Twitter, #Excitement #WeekendAdventure               ,25,50,INDIA,2023,3,2,16
Kindness witnessed today restores my faith in humanity.,Kind,2023-03-03 11:30:00,Kindness Prevails 2,Facebook, #Kindness #HumanityRestored                 ,22,45,USA,2023,3,3,11
Pride in accomplishing personal and professional goals.,Pride,2023-03-03 14:30:00,Goal Achiever,Instagram, #Pride #Accomplishments                     ,12,25,CANADA,2023,3,3,14
Shame for not being true to my values in a difficult situation.,Shame,2023-03-03 12:00:00,Reflective Self 3,Twitter, #Shame #Integrity                           ,15,30,UK,2023,3,3,12
"Revisiting old memories, feeling a sense of elation.",Elation,2010-05-15 15:30:00,Nostalgia Fan,Twitter, #Elation #Memories                             ,20,40,CANADA,2010,5,15,15
The victory of our team brought euphoria to the city.,Euphoria,2021-08-10 21:15:00,Sports Fanatic,Instagram, #Euphoria #Victory                             ,15,30,USA,2021,8,10,21
"Embracing the beauty of nature, a moment of contentment.",Contentment,2011-06-20 14:45:00,Nature Lover 2,Facebook, #Contentment #Nature                           ,25,50,INDIA,2011,6,20,14
"Meditating by the serene lake, finding inner peace.",Serenity,2022-02-12 18:20:00,Zen Master 2,Twitter, #Serenity #Meditation                          ,18,35,UK,2022,2,12,18
Overflowing with gratitude for life's blessings.,Gratitude,2012-11-25 10:00:00,Thankful Heart,Instagram, #Gratitude #Blessed                            ,30,60,AUSTRALIA,2012,11,25,10
"Hopeful for a brighter tomorrow, despite challenges.",Hope,2013-04-05 19:30:00,Optimistic Soul,Facebook, #Hope #Optimism                                ,22,45,USA,2013,4,5,19
Empowered to make a difference in my community.,Empowerment,2014-09-14 08:30:00,Community Leader,Twitter, #Empowerment #Community                        ,15,30,UK,2014,9,14,8
Compassion in action: supporting a local charity event.,Compassion,2015-07-18 14:20:00,Charity Supporter,Instagram, #Compassion #CharityEvent                   ,18,35,CANADA,2015,7,18,14
"A moment of tenderness, connecting with loved ones.",Tenderness,2016-02-23 19:45:00,Loving Heart,Facebook, #Tenderness #FamilyTime                       ,25,50,UK,2016,2,23,19
Arousal of excitement as I await a special announcement.,Arousal,2017-10-30 11:30:00,Excitement Fan,Twitter, #Arousal #Excitement                           ,20,40,AUSTRALIA,2017,10,30,11
Enthusiastically diving into a new project.,Enthusiasm,2018-06-15 16:00:00,Project Enthusiast,Instagram, #Enthusiasm #NewProject                       ,15,30,USA,2018,6,15,16
Feeling a sense of fulfillment after reaching a milestone.,Fulfillment,2019-03-28 18:20:00,Milestone Achiever,Facebook, #Fulfillment #Milestone                       ,22,45,INDIA,2019,3,28,18
Reverence for the beauty of a historic landmark.,Reverence,2019-11-11 15:00:00,History Lover,Twitter, #Reverence #History                           ,18,35,UK,2019,11,11,15
Elation after a surprise reunion with old friends.,Elation,2020-04-02 09:30:00,Joyful Reunion 2,Instagram, #Elation #OldFriends                          ,25,50,CANADA,2020,4,2,9
The euphoria of a live music concert under the stars.,Euphoria,2021-06-19 14:45:00,Music Enthusiast,Facebook, #Euphoria #LiveMusic                          ,15,30,USA,2021,6,19,14
Contentment in the simplicity of a quiet Sunday.,Contentment,2010-08-15 10:00:00,Simple Joys,Twitter, #Contentment #SundayMood                      ,30,60,AUSTRALIA,2010,8,15,10
Serenity found in the pages of a favorite book.,Serenity,2011-09-22 19:30:00,Book Lover 3,Instagram, #Serenity #BookTime                           ,22,45,UK,2011,9,22,19
Gratitude for the support received during tough times.,Gratitude,2012-03-10 08:30:00,Supportive Friend,Facebook, #Gratitude #Supportive                        ,15,30,INDIA,2012,3,10,8
Hopeful about the possibilities of a new journey.,Hope,2013-12-05 16:00:00,Journey Optimist,Twitter, #Hope #NewBeginnings                          ,18,35,CANADA,2013,12,5,16
Empowerment through learning and personal growth.,Empowerment,2014-07-20 11:30:00,Growth Seeker,Instagram, #Empowerment #PersonalGrowth                  ,25,50,USA,2014,7,20,11
Compassion towards those in need during the holidays.,Compassion,2015-12-22 14:20:00,Holiday Helper,Facebook, #Compassion #HolidaySupport                   ,18,35,USA,2015,12,22,14
Tenderness in the warmth of a cozy winter evening.,Tenderness,2016-02-10 19:45:00,Winter Warmth,Twitter, #Tenderness #CozyEvening                     ,25,50,UK,2016,2,10,19
Arousal of excitement for an upcoming adventure.,Arousal,2017-04-30 11:30:00,Adventure Awaits,Instagram, #Arousal #AdventureTime                       ,20,40,AUSTRALIA,2017,4,30,11
Enthusiasm for a creative project in the making.,Enthusiasm,2018-09-15 16:00:00,Creative Spirit,Facebook, #Enthusiasm #Creativity                       ,15,30,CANADA,2018,9,15,16
Fulfillment in completing a challenging workout routine.,Fulfillment,2019-06-28 18:20:00,Fitness Achiever,Twitter, #Fulfillment #FitnessGoals                   ,22,45,INDIA,2019,6,28,18
Reverence for the artistry displayed in a museum.,Reverence,2020-11-11 15:00:00,Art Appreciator,Instagram, #Reverence #ArtAppreciation                  ,18,35,UK,2020,11,11,15
Elation after achieving a personal goal.,Elation,2021-03-02 09:30:00,Goal Achiever 2,Facebook, #Elation #PersonalAchievement                ,25,50,USA,2021,3,2,9
Elation over discovering a hidden gem in the city.,Elation,2012-02-18 14:30:00,Urban Explorer 2,Twitter, #Elation #HiddenGem                            ,20,40,USA,2012,2,18,14
The euphoria of a surprise birthday celebration.,Euphoria,2018-11-05 21:45:00,Birthday Joy,Instagram, #Euphoria #BirthdaySurprise                   ,15,30,UK,2018,11,5,21
Contentment in the simplicity of a home-cooked meal.,Contentment,2015-09-12 13:20:00,Home Chef,Facebook, #Contentment #HomeCooking                     ,25,50,INDIA,2015,9,12,13
Serenity found in the melody of a peaceful piano.,Serenity,2016-07-30 18:10:00,Music Lover 4,Twitter, #Serenity #PeacefulMelody                    ,18,35,CANADA,2016,7,30,18
Gratitude for the supportive community around me.,Gratitude,2013-04-20 10:30:00,Community Love,Instagram, #Gratitude #CommunitySupport                   ,30,60,USA,2013,4,20,10
Hopeful about the prospects of a new business venture.,Hope,2017-12-08 19:15:00,Entrepreneur Hope,Facebook, #Hope #BusinessVenture                        ,22,45,CANADA,2017,12,8,19
Empowerment through mentoring and guiding others.,Empowerment,2014-06-03 08:20:00,Mentor Empower,Twitter, #Empowerment #Mentorship                      ,15,30,UK,2014,6,3,8
Compassion shown through acts of kindness in the community.,Compassion,2019-01-15 14:50:00,Kindness In Action,Instagram, #Compassion #CommunityKindness               ,18,35,AUSTRALIA,2019,1,15,14
Tenderness in a heartfelt message to a loved one.,Tenderness,2016-12-25 19:30:00,Love Express,Facebook, #Tenderness #LoveNote                         ,25,50,UK,2016,12,25,19
Arousal of excitement before a much-awaited trip.,Arousal,2018-03-10 09:45:00,Travel Excitement,Twitter, #Arousal #TravelAdventure                     ,20,40,INDIA,2018,3,10,9
Enthusiasm for a new artistic project in the works.,Enthusiasm,2020-09-17 16:30:00,Artistic Spirit,Instagram, #Enthusiasm #ArtisticProject                 ,15,30,USA,2020,9,17,16
Feeling a sense of fulfillment after helping others.,Fulfillment,2011-08-28 18:45:00,Helper Heart,Facebook, #Fulfillment #HelpingOthers                  ,22,45,CANADA,2011,8,28,18
Reverence for the historical significance of a landmark.,Reverence,2017-11-01 15:30:00,History Buff,Twitter, #Reverence #HistoricalSite                   ,18,35,AUSTRALIA,2017,11,1,15
Elation after achieving a fitness milestone.,Elation,2019-06-15 10:00:00,Fitness Achiever 2,Instagram, #Elation #FitnessMilestone                   ,25,50,UK,2019,6,15,10
The euphoria of a successful product launch.,Euphoria,2022-04-03 11:45:00,Product Launch Joy,Facebook, #Euphoria #ProductLaunchSuccess              ,15,30,USA,2022,4,3,11
Contentment in the embrace of a loved one.,Contentment,2010-11-12 20:20:00,Loving Embrace,Twitter, #Contentment #Love                             ,30,60,INDIA,2010,11,12,20
Serenity found in the beauty of a sunset by the sea.,Serenity,2011-07-22 18:30:00,Sunset Watcher 2,Instagram, #Serenity #SunsetViews                       ,22,45,CANADA,2011,7,22,18
Gratitude for the small joys that each day brings.,Gratitude,2012-03-30 11:20:00,Joyful Heart 2,Facebook, #Gratitude #SmallJoys                        ,15,30,AUSTRALIA,2012,3,30,11
Hopeful about the potential for personal growth.,Hope,2013-10-05 16:40:00,Growth Optimist,Twitter, #Hope #PersonalDevelopment                    ,18,35,UK,2013,10,5,16
Empowerment through learning a new skill.,Empowerment,2014-07-10 13:15:00,Skill Empower,Instagram, #Empowerment #SkillBuilding                   ,25,50,INDIA,2014,7,10,13
Compassion in volunteering for a local charity.,Compassion,2015-12-18 14:20:00,Charity Volunteer,Facebook, #Compassion #VolunteerWork                   ,18,35,USA,2015,12,18,14
Tenderness in a quiet moment shared with a pet.,Tenderness,2016-02-10 19:45:00,Pet Love,Twitter, #Tenderness #PetLove                          ,25,50,CANADA,2016,2,10,19
Arousal of excitement for an upcoming festival.,Arousal,2017-09-25 11:30:00,Festival Fan,Instagram, #Arousal #FestivalExcitement               ,20,40,UK,2017,9,25,11
Enthusiasm for a DIY home improvement project.,Enthusiasm,2018-04-15 16:00:00,DIYEnthusiast,Facebook, #Enthusiasm #HomeImprovement                 ,15,30,AUSTRALIA,2018,4,15,16
Fulfillment in completing a challenging puzzle.,Fulfillment,2019-11-28 18:20:00,Puzzle Master,Twitter, #Fulfillment #PuzzleChallenge                ,22,45,INDIA,2019,11,28,18
Reverence for the wonders of nature on a hiking trail.,Reverence,2020-05-11 15:00:00,Nature Admirer,Instagram, #Reverence #NatureExploration                ,18,35,USA,2020,5,11,15
Elation after a surprise reunion with a childhood friend.,Elation,2021-02-05 09:30:00,Childhood Joy,Facebook, #Elation #FriendshipReunion                  ,25,50,CANADA,2021,2,5,9
Suffering from despair after another setback.,Despair,2021-03-10 08:30:00,Struggling Soul,Twitter, #Despair #Struggle                              ,5,10,USA,2021,3,10,8
"Overwhelmed by grief, missing a loved one dearly.",Grief,2022-07-05 15:45:00,Mourning Heart,Instagram, #Grief #Loss                                   ,8,15,CANADA,2022,7,5,15
Loneliness creeps in as the night grows colder.,Loneliness,2019-11-18 21:20:00,Solitary Soul,Facebook, #Loneliness #Isolation                         ,10,20,UK,2019,11,18,21
Jealousy consumes me as I witness others' success.,Jealousy,2020-08-12 11:30:00,Envious Observer,Twitter, #Jealousy #Envy                               ,12,25,INDIA,2020,8,12,11
Resentment building up over past betrayals.,Resentment,2018-05-22 14:45:00,Bitter Heart,Instagram, #Resentment #Bitterness                       ,7,15,AUSTRALIA,2018,5,22,14
Frustration mounts as obstacles block my path.,Frustration,2017-01-30 16:10:00,Blocked Goals,Facebook, #Frustration #Obstacles                       ,10,20,USA,2017,1,30,16
"Boredom sets in, the day feels endlessly dull.",Boredom,2016-09-28 19:45:00,Bored Mind,Twitter, #Boredom #LackOfInterest                     ,8,15,CANADA,2016,9,28,19
"Anxiety grips my heart, worry clouds my thoughts.",Anxiety,2019-04-15 09:00:00,Worried Mind,Instagram, #Anxiety #Worry                               ,12,25,UK,2019,4,15,9
Intimidation by the unknown future ahead.,Intimidation,2021-12-03 18:30:00,Fearful Soul,Facebook, #Intimidation #Fear                           ,15,30,INDIA,2021,12,3,18
Helplessness sinks in as challenges pile up.,Helplessness,2020-06-20 14:20:00,Overwhelmed Heart,Twitter, #Helplessness #Overwhelmed                    ,8,15,AUSTRALIA,2020,6,20,14
Envy eats away at me as I see others' prosperity.,Envy,2018-11-07 11:30:00,Covetous Mind,Instagram, #Envy #Desire                                ,10,20,CANADA,2018,11,7,11
Regret over missed opportunities haunts my thoughts.,Regret,2017-08-25 16:00:00,Remorseful Soul,Facebook, #Regret #MissedChances                       ,12,25,UK,2017,8,25,16
Disgust at the sight of injustice and cruelty.,Disgust,2019-02-11 09:45:00,Disgusted Heart,Twitter, #Disgust #Injustice                          ,7,15,INDIA,2019,2,11,9
"Drowning in despair, hope slipping through my fingers.",Despair,2016-04-02 20:20:00,Hopeless Heart,Instagram, #Despair #Hopeless                           ,10,20,USA,2016,4,2,20
"Grief weighs heavy, tears a constant companion.",Grief,2015-10-18 15:30:00,Tearful Soul,Facebook, #Grief #Tears                                ,12,25,CANADA,2015,10,18,15
"Loneliness in a crowded room, a silent cry for connection.",Loneliness,2019-07-12 18:10:00,Isolated Mind,Twitter, #Loneliness #SeekingConnection              ,15,30,UK,2019,7,12,18
"Jealousy gnaws at my confidence, a toxic emotion.",Jealousy,2018-06-03 16:30:00,Self Doubt,Instagram, #Jealousy #Insecurity                       ,8,15,INDIA,2018,6,3,16
"Resentment festers, poisoning relationships.",Resentment,2022-01-15 12:00:00,Broken Trust,Facebook, #Resentment #BrokenTrust                     ,10,20,AUSTRALIA,2022,1,15,12
"Frustration boils over, a volcanic eruption of emotions.",Frustration,2017-04-10 14:45:00,Explosive Mind,Twitter, #Frustration #EmotionalOutburst             ,12,25,USA,2017,4,10,14
"Boredom settles like dust, life feels mundane.",Boredom,2016-11-28 19:00:00,Mundane Heart,Instagram, #Boredom #Monotony                          ,7,15,CANADA,2016,11,28,19
"Anxiety grips my chest, a relentless grip on my thoughts.",Anxiety,2018-09-05 09:30:00,Restless Mind,Facebook, #Anxiety #Restlessness                      ,10,20,UK,2018,9,5,9
"Intimidation by the challenges ahead, fear takes hold.",Intimidation,2021-10-22 18:30:00,Fearful Journey,Twitter, #Intimidation #FacingFear                   ,15,30,INDIA,2021,10,22,18
"Helplessness engulfs me, drowning in a sea of problems.",Helplessness,2019-05-08 14:20:00,Overwhelmed Soul,Instagram, #Helplessness #Struggling                   ,8,15,AUSTRALIA,2019,5,8,14
"Envy poisons my thoughts, coveting others' success.",Envy,2017-03-20 11:30:00,Green Eyed Monster,Facebook, #Envy #Success                              ,10,20,CANADA,2017,3,20,11
Regret for decisions that led to a painful present.,Regret,2018-12-15 16:00:00,Regretful Mind,Twitter, #Regret #PastChoices                        ,12,25,USA,2018,12,15,16
Disgust at the corruption that stains society.,Disgust,2016-07-01 09:45:00,Corrupted Heart,Instagram, #Disgust #Corruption                        ,7,15,UK,2016,7,1,9
"Sinking in despair, each day darker than the last.",Despair,2020-08-20 20:20:00,Drowning Soul,Facebook, #Despair #DarkDays                          ,10,20,INDIA,2020,8,20,20
"Grief overwhelms, a storm of emotions within.",Grief,2021-02-25 15:30:00,Stormy Heart,Twitter, #Grief #EmotionalStorm                      ,12,25,CANADA,2021,2,25,15
"Loneliness echoes in empty spaces, yearning for connection.",Loneliness,2019-09-12 18:10:00,Echoing Soul,Instagram, #Loneliness #YearningForConnection         ,15,30,AUSTRALIA,2019,9,12,18
"Jealousy poisons my thoughts, resentment brewing within.",Jealousy,2018-08-05 16:30:00,Poisoned Mind,Facebook, #Jealousy #Resentment                       ,8,15,USA,2018,8,5,16
"Resentment festers, a wound that refuses to heal.",Resentment,2017-01-12 12:00:00,Unforgiving Soul,Twitter, #Resentment #Unforgiving                    ,10,20,INDIA,2017,1,12,12
"Frustration escalates, a thunderstorm of emotions.",Frustration,2022-04-05 14:45:00,Thundering Mind,Instagram, #Frustration #EmotionalOutburst            ,12,25,UK,2022,4,5,14
"Boredom lingers, a stagnant pool of indifference.",Boredom,2021-10-02 19:00:00,Stagnant Heart,Facebook, #Boredom #Stagnation                        ,7,15,CANADA,2021,10,2,19
"Embarking on a journey of discovery, fueled by curiosity and a thirst for knowledge.",Curiosity,2023-04-15 10:15:00,Inquisitive Mind,Twitter, #Curiosity #Learning                        ,15,30,USA,2023,4,15,10
"Lost in the vast sea of information, an indifferent wave in the digital ocean.",Indifference,2022-11-28 17:30:00,Apathetic Observer,Instagram, #Indifference #DigitalOverload              ,7,15,CANADA,2022,11,28,17
"The complex puzzle of life leaves me in a state of perpetual confusion, seeking answers in the chaos.",Confusion,2020-04-02 09:45:00,Seeking Clarity,Facebook, #Confusion #LifePuzzle                     ,10,20,UK,2020,4,2,9
"A numbness settles over me, a shield against the overwhelming emotions life throws my way.",Numbness,2021-08-10 14:00:00,Emotionally Distant,Twitter, #Numbness #EmotionalShield                 ,8,15,INDIA,2021,8,10,14
"Gazing at the sunset, a melancholic longing for moments that slip through the fingers of time.",Melancholy,2019-06-18 20:45:00,Sunset Dreamer,Instagram, #Melancholy #SunsetMoments                 ,12,25,AUSTRALIA,2019,6,18,20
"Revisiting old photographs, caught in the embrace of nostalgia's bittersweet symphony.",Nostalgia,2018-02-05 15:15:00,Memory Lane Traveler,Facebook, #Nostalgia #MemoryLane                     ,10,20,USA,2018,2,5,15
"Torn between conflicting emotions, an ambivalence that paints my decisions in shades of uncertainty.",Ambivalence,2022-05-30 11:30:00,Mixed Feelings,Twitter, #Ambivalence #UncertainChoices             ,12,25,CANADA,2022,5,30,11
"Embracing the ebb and flow of life, finding acceptance in the dance of existence.",Acceptance,2023-01-10 16:20:00,Zen Lifestyle,Instagram, #Acceptance #LifeJourney                   ,15,30,UK,2023,1,10,16
"Facing challenges head-on, a determination that fuels the fire within to achieve the impossible.",Determination,2020-09-18 13:45:00,Resilient Spirit,Facebook, #Determination #AchieveTheImpossible       ,10,20,INDIA,2020,9,18,13
"Serenity found in the stillness of nature, a tranquil retreat from the chaos of the modern world.",Serenity,2021-07-03 19:00:00,Nature Soul,Twitter, #Serenity #NatureRetreat                   ,12,25,AUSTRALIA,2021,7,3,19
"Curiosity leading me down the rabbit hole of knowledge, a perpetual student in life's classroom.",Curiosity,2022-10-08 08:15:00,Eternal Learner,Instagram, #Curiosity #KnowledgeQuest                ,20,40,USA,2022,10,8,8
"Floating through the day with an air of indifference, detached from the mundane happenings around.",Indifference,2023-03-22 16:30:00,Aloof Observer,Facebook, #Indifference #FloatingThroughLife        ,10,20,CANADA,2023,3,22,16
"Entangled in the web of thoughts, confusion reigning as I navigate the labyrinth of ideas.",Confusion,2021-05-15 11:45:00,Thought Explorer,Twitter, #Confusion #ThoughtLabyrinth              ,15,30,UK,2021,5,15,11
"Numb to the chaos, emotions locked away, a stoic facade concealing the inner turmoil.",Numbness,2019-12-28 14:30:00,Stoic Soul,Instagram, #Numbness #StoicFacade                    ,8,15,AUSTRALIA,2019,12,28,14
"Melancholy whispers in the breeze, a silent conversation with the echoes of forgotten dreams.",Melancholy,2020-03-01 19:00:00,Dreamer In Silence,Facebook, #Melancholy #WhispersInTheBreeze         ,12,25,INDIA,2020,3,1,19
"Stumbling upon an old journal, nostalgia flooding in waves, carrying me to moments long gone.",Nostalgia,2018-07-10 15:45:00,Journal Keeper,Twitter, #Nostalgia #JournalMoments               ,10,20,CANADA,2018,7,10,15
"A tapestry of conflicting feelings, weaving through uncertainty, caught in the threads of ambivalence.",Ambivalence,2022-01-05 10:30:00,Thread Weaver,Instagram, #Ambivalence #ConflictingFeelings        ,12,25,UK,2022,1,5,10
"Embracing the flaws, finding acceptance in imperfection, a journey towards self-love.",Acceptance,2021-08-20 16:20:00,Self Love Advocate,Facebook, #Acceptance #SelfLoveJourney              ,15,30,AUSTRALIA,2021,8,20,16
"Determination burning like a wildfire, overcoming obstacles, turning dreams into reality.",Determination,2019-11-03 13:45:00,Dream Chaser,Twitter, #Determination #DreamsIntoReality        ,18,35,USA,2019,11,3,13
"Tranquil moments by the ocean, serenity washing over, a peaceful retreat within the waves' embrace.",Serenity,2020-04-12 19:30:00,Ocean Soul,Instagram, #Serenity #OceanRetreat                   ,25,50,CANADA,2020,4,12,19
"Exploring new horizons with the spark of curiosity, an adventurer in the vast landscape of knowledge.",Curiosity,2022-04-15 08:45:00,Horizon Explorer,Facebook, #Curiosity #NewHorizons                  ,22,45,INDIA,2022,4,15,8
"Drifting through the day with a nonchalant demeanor, embracing the art of indifference.",Indifference,2023-02-10 17:00:00,Nonchalant Spirit,Twitter, #Indifference #DriftingThroughLife       ,9,18,UK,2023,2,10,17
"Wrestling with thoughts, a perplexed mind lost in the labyrinth of life's complexities.",Confusion,2020-08-05 12:15:00,Complex Thinker,Instagram, #Confusion #PerplexedMind                ,14,28,AUSTRALIA,2020,8,5,12
"Immersed in a state of emotional numbness, a shield against the storm of daily struggles.",Numbness,2021-12-01 15:30:00,Shielded Heart,Facebook, #Numbness #EmotionalShield               ,10,20,USA,2021,12,1,15
"A melancholic symphony playing in the background, the soundtrack of a wistful heart.",Melancholy,2019-03-25 21:00:00,Symphony Soul,Twitter, #Melancholy #WistfulHeart                ,13,26,CANADA,2019,3,25,21
"Flipping through the pages of an old yearbook, nostalgia painting smiles and tears on my face.",Nostalgia,2017-06-18 14:45:00,Yearbook Explorer,Instagram, #Nostalgia #YearbookMemories            ,12,25,INDIA,2017,6,18,14
"Torn between opposing emotions, an ambivalence that colors my decisions with shades of uncertainty.",Ambivalence,2022-07-08 11:30:00,Decisive Dilemma,Facebook, #Ambivalence #ShadesOfUncertainty       ,15,30,AUSTRALIA,2022,7,8,11
"Embracing life's imperfections, finding acceptance in the journey, scars and all.",Acceptance,2023-05-15 16:20:00,Imperfect Harmony,Twitter, #Acceptance #ImperfectJourney            ,18,36,CANADA,2023,5,15,16
"A fiery determination burning within, fueled by the vision of reaching unparalleled heights.",Determination,2021-09-10 14:45:00,Visionary Spirit,Instagram, #Determination #UnparalleledHeights      ,20,40,UK,2021,9,10,14
"Basking in the serenity of a quiet forest, where the whispers of nature bring peace to the soul.",Serenity,2020-02-28 18:30:00,Forest Dreamer,Facebook, #Serenity #NatureWhispers                ,25,50,USA,2020,2,28,18
"Indifferent to the noise of the world, a silent observer in the midst of life's cacophony.",Indifference,2023-03-10 16:30:00,Silent Spectator,Instagram, #Indifference #SilentObserver            ,9,18,INDIA,2023,3,10,16
"Navigating through the labyrinth of thoughts, confusion a constant companion in the maze of ideas.",Confusion,2021-05-02 11:45:00,Maze Navigator,Facebook, #Confusion #ThoughtLabyrinth              ,14,28,AUSTRALIA,2021,5,2,11
"An impenetrable numbness shields me from the emotional storms, a fortress of stoic resilience.",Numbness,2019-10-18 14:30:00,Resilient Fortress,Twitter, #Numbness #StoicResilience               ,11,22,UK,2019,10,18,14
"Melancholy painting the world in hues of nostalgia, a canvas of bittersweet memories.",Melancholy,2020-01-05 20:00:00,Canvas Dreamer,Instagram, #Melancholy #BittersweetMemories         ,13,26,USA,2020,1,5,20
"A journey into the past, flipping through the pages of an old diary, nostalgia taking the lead.",Nostalgia,2018-08-10 15:45:00,Diary Explorer,Facebook, #Nostalgia #DiaryJourney                 ,12,25,CANADA,2018,8,10,15
"Ambivalence clouding decisions, caught in the crossroads of conflicting emotions.",Ambivalence,2022-01-15 10:30:00,Crossroads Traveler,Twitter, #Ambivalence #ConflictingEmotions        ,15,30,INDIA,2022,1,15,10
"Embracing imperfections, finding acceptance in the mosaic of life's beautiful chaos.",Acceptance,2021-07-20 16:20:00,Mosaic Dreamer,Instagram, #Acceptance #BeautifulChaos              ,18,36,AUSTRALIA,2021,7,20,16
"Determination as the driving force, propelling me forward on the path to extraordinary achievements.",Determination,2019-12-03 13:45:00,Pathfinder Spirit,Facebook, #Determination #ExtraordinaryPath        ,20,40,USA,2019,12,3,13
"Seeking serenity in the melody of raindrops, a tranquil escape from the noise of everyday life.",Serenity,2020-04-12 19:30:00,Raindrop Harmony,Twitter, #Serenity #RaindropMelody                ,25,50,CANADA,2020,4,12,19
"Curiosity driving the exploration of the unknown, a seeker of knowledge in uncharted territories.",Curiosity,2022-05-08 08:45:00,Seeker Of Unknowns,Instagram, #Curiosity #SeekerOfKnowledge            ,22,45,UK,2022,5,8,8
"Drifting through the day with an air of nonchalance, indifferent to the trivialities of life.",Indifference,2023-02-22 17:00:00,Nonchalant Wanderer,Facebook, #Indifference #DriftingThroughLife       ,9,18,INDIA,2023,2,22,17
"Lost in the labyrinth of thoughts, confusion casting shadows on the quest for clarity.",Confusion,2020-06-05 12:15:00,Shadowed Seeker,Twitter, #Confusion #LabyrinthOfThoughts          ,14,28,AUSTRALIA,2020,6,5,12
"Wrapped in the cloak of emotional numbness, a shield against the storms of life's turbulence.",Numbness,2021-11-30 15:30:00,Turbulent Shield,Instagram, #Numbness #EmotionalStorms               ,10,20,CANADA,2021,11,30,15
"Melancholy as a companion, painting the canvas of life with the brushstrokes of wistful yearning.",Melancholy,2019-02-25 21:00:00,Wistful Painter,Facebook, #Melancholy #WistfulYearning             ,13,26,UK,2019,2,25,21
"Leafing through the pages of an old photo album, nostalgia weaving tales of laughter and tears.",Nostalgia,2017-05-18 14:45:00,Tale Weaver,Twitter, #Nostalgia #PhotoAlbumStories            ,12,25,USA,2017,5,18,14
"Ambivalence in the air, caught between the crossroads of conflicting emotions and decisions.",Ambivalence,2022-08-05 11:30:00,Crossroads Explorer,Instagram, #Ambivalence #CrossroadsConfusion        ,15,30,CANADA,2022,8,5,11
"Embracing the beauty in imperfections, finding acceptance in the mosaic of life's unpredictable art.",Acceptance,2023-06-15 16:20:00,Mosaic Artist,Facebook, #Acceptance #UnpredictableArt            ,18,36,AUSTRALIA,2023,6,15,16
"Determination ablaze, forging a path through challenges, sculpting dreams into tangible realities.",Determination,2021-10-10 14:45:00,Dream Sculptor,Twitter, #Determination #SculptingDreams          ,20,40,UK,2021,10,10,14
"Immerse in the serenity of a moonlit night, where the quiet whispers of nature bring peace to the soul.",Serenity,2020-05-12 19:30:00,Moonlit Soul,Instagram, #Serenity #MoonlitPeace                  ,25,50,USA,2020,5,12,19
"Fueled by curiosity, venturing into uncharted realms, a fearless explorer of the mysteries of the world.",Curiosity,2022-12-01 09:15:00,Fearless Explorer,Facebook, #Curiosity #FearlessExplorer              ,22,44,INDIA,2022,12,1,9
"Wrapped in the cloak of emotional numbness, a shield against the storms of life's turbulence.",Numbness,2021-11-30 15:30:00,Turbulent Shield,Instagram, #Numbness #EmotionalStorms ,10,20,CANADA,2021,11,30,15
"Dancing through life with the exuberance of a carefree spirit, embracing joy and zest at every turn.",Zest,2018-07-12 17:45:00,Joyful Dancer,Twitter, #Zest #CarefreeSpirit ,15,30,USA,2018,7,12,17
"Basking in the golden glow of contentment, a serene river flowing through the landscape of the heart.",Contentment,2020-09-05 20:10:00,Serene Basker,Facebook, #Contentment #GoldenGlow ,18,36,AUSTRALIA,2020,9,5,20
"Gazing towards the horizon with hopeful eyes, painting a canvas of dreams illuminated by the sun of optimism.",Hopeful,2022-04-18 08:00:00,Dream Painter,Instagram, #Hopeful #CanvasOfDreams ,12,24,INDIA,2022,4,18,8
"Standing tall, proud as an oak, the branches of achievement reaching towards the sky of accomplishment.",Proud,2019-12-10 12:20:00,Oak Achiever,Twitter, #Proud #BranchesOfAchievement ,25,50,CANADA,2019,12,10,12
"A heart overflowing with gratitude, a garden where appreciation blooms in the soil of kindness and connection.",Grateful,2023-02-28 09:45:00,Heart Gardener,Facebook, #Grateful #BlossomingConnection ,20,40,USA,2023,2,28,9
"Extending a hand, empathetic threads weaving a tapestry of understanding, embracing the joys and sorrows of others.",Empathetic,2018-04-03 14:15:00,Thread Weaver,Instagram, #Empathetic #TapestryOfUnderstanding ,15,30,UK,2018,4,3,14
"Compassionate clouds, heavy with care, showering empathy on the parched grounds of human suffering.",Compassionate,2022-06-20 10:30:00,Cloud Caretaker,Twitter, #Compassionate #ShowerOfEmpathy ,18,36,AUSTRALIA,2022,6,20,10
"Playfully dancing in the rain of laughter, a whimsical spirit twirling in the puddles of joy and lightheartedness.",Playful,2020-07-08 18:00:00,Rain Dancer,Facebook, #Playful #DanceInTheRain ,22,44,CANADA,2020,7,8,18
"Soaring on the wings of a free spirit, unburdened by the chains of conformity, painting the sky with independence.",Free-Spirited,2021-08-15 11:10:00,Sky Painter,Instagram, #FreeSpirit #PaintingTheSky ,20,40,INDIA,2021,8,15,11
"Bathed in the glow of inspiration, a creative phoenix rising from the ashes of ordinary thoughts to explore new realms.",Inspired,2019-10-25 16:50:00,Phoenix Explorer,Twitter, #Inspired #CreativePhoenix ,15,30,UK,2019,10,25,16
"Navigating the sea of hope, sailing towards the sunrise of possibilities, confident in the ship of positive anticipation.",Hopeful,2023-10-05 07:30:00,Sunrise Navigator,Facebook, #Hopeful #SunriseOfPossibilities ,12,24,USA,2023,10,5,7
"Striding with confidence, footprints of self-assuredness imprinted on the sands of challenges conquered and victories claimed.",Confident,2022-02-15 13:15:00,Sand Strider,Instagram, #Confident #FootprintsOfAssuredness ,25,50,AUSTRALIA,2022,2,15,13
"Lost in the symphony of the night, a moonlit serenade that whispers tales of wanderlust and moonlit dreams.",Serenity,2021-05-08 22:00:00,Night Serenader,Twitter, #Serenity #MoonlitSerenade ,13,26,CANADA,2021,5,8,22
"Unveiling the layers of curiosity, a labyrinth of questions leading to the treasure troves of undiscovered knowledge.",Curiosity,2020-11-29 14:45:00,Knowledge Seeker,Instagram, #Curiosity #LabyrinthOfQuestions ,17,34,USA,2020,11,29,14
"In the embrace of the autumn breeze, leaves of ambivalence dancing in a waltz between choices and uncertainties.",Ambivalence,2019-09-14 10:20:00,Breeze Waltzer,Facebook, #Ambivalence #AutumnWaltz ,14,28,UK,2019,9,14,10
"Gratitude as a guiding star, navigating the constellation of blessings in the vast universe of life's precious moments.",Grateful,2022-03-12 19:55:00,Star Navigator,Twitter, #Grateful #GuidingStar ,19,38,AUSTRALIA,2022,3,12,19
"With a zestful heart, sprinting through fields of enthusiasm, chasing sunbeams and laughter in the meadows of joy.",Zest,2023-03-30 16:30:00,Meadow Sprinter,Instagram, #Zest #FieldsOfEnthusiasm ,16,32,INDIA,2023,3,30,16
"A compassionate rain, tears of empathy falling gently, nurturing the seeds of kindness in the garden of human connections.",Compassionate,2021-07-01 12:10:00,Rain Nurturer,Facebook, #Compassionate #TearsOfEmpathy ,21,42,CANADA,2021,7,1,12
"Proudly scaling the peaks of achievement, a mountaineer conquering challenges and planting the flag of success.",Proud,2020-01-05 08:45:00,Peak Conqueror,Twitter, #Proud #ScalingPeaks ,23,46,USA,2020,1,5,8
"Embraced by the hopeful dawn, a gardener sowing seeds of optimism, tending to the blooms of a brighter tomorrow.",Hopeful,2022-07-17 06:15:00,Dawn Gardener,Instagram, #Hopeful #SeedsOfOptimism ,14,28,UK,2022,7,17,6
"A playful escapade in the carnival of life, carousel laughter and cotton candy dreams swirling in the joyous atmosphere.",Playful,2018-08-22 17:20:00,Carnival Dreamer,Facebook, #Playful #CarnivalEscapade ,24,48,AUSTRALIA,2018,8,22,17
"Floating on clouds of inspiration, an artist painting the sky with strokes of creativity, creating a masterpiece of dreams.",Inspired,2021-12-08 14:30:00,Sky Artist,Twitter, #Inspired #CloudsOfCreativity ,18,36,INDIA,2021,12,8,14
"Navigating the river of contentment, a serene boat cruise through the tranquil waters of inner peace and acceptance.",Contentment,2019-04-27 09:50:00,River Navigator,Instagram, #Contentment #TranquilWaters ,20,40,CANADA,2019,4,27,9
"With empathy as a lantern, wandering through the dark alleys of sorrow, illuminating the path with compassion and care.",Empathetic,2023-09-03 21:40:00,Lantern Wanderer,Facebook, #Empathetic #LanternOfCompassion ,16,32,USA,2023,9,3,21
"A free spirit soaring on the wings of dreams, leaving trails of independence in the azure sky of boundless possibilities.",Free-Spirited,2020-06-10 10:05:00,Dream Soarer,Twitter, #FreeSpirit #WingsOfDreams ,22,44,UK,2020,6,10,10
"Bathed in the golden hues of gratefulness, a sunset of appreciation casting its warm glow on the landscapes of the heart.",Grateful,2022-04-01 18:30:00,Sunset Admirer,Instagram, #Grateful #GoldenHues ,19,38,AUSTRALIA,2022,4,1,18
"Confident strides in the dance of life, a ballroom where self-assuredness leads, twirling through challenges with grace.",Confident,2021-01-15 13:00:00,Dance Strider,Facebook, #Confident #DanceOfLife ,23,46,CANADA,2021,1,15,13
"Hopeful whispers of wind, carrying the promises of a brighter tomorrow, a symphony of optimism in the air of possibilities.",Hopeful,2023-05-06 07:20:00,Wind Whisperer,Twitter, #Hopeful #BrighterTomorrows ,15,30,INDIA,2023,5,6,7
"Playfully juggling responsibilities, a circus performer balancing the acts of work and joy, tossing laughter into the air.",Playful,2019-11-18 15:15:00,Juggling Artist,Instagram, #Playful #JugglingResponsibilities ,25,50,USA,2019,11,18,15
"Whispering tales of inspiration to the stars, a storyteller crafting constellations from the threads of imagination.",Inspired,2020-08-29 20:45:00,Star Storyteller,Facebook, #Inspired #TalesToTheStars ,14,28,UK,2020,8,29,20
"Charting a course through the waves of hopeful anticipation, a sailor steering towards the shores of dreams yet unexplored.",Hopeful,2022-10-30 11:40:00,Wave Navigator,Twitter, #Hopeful #SailorOfDreams ,17,34,AUSTRALIA,2022,10,30,11
"A compassionate rain, tears of empathy falling gently, nurturing the seeds of kindness in the garden of human connections.",Compassionate,2021-07-01 12:10:00,Rain Nurturer,Instagram, #Compassionate #TearsOfEmpathy ,21,42,CANADA,2021,7,1,12
"Embraced by the hopeful dawn, a gardener sowing seeds of optimism, tending to the blooms of a brighter tomorrow.",Hopeful,2022-07-17 06:15:00,Dawn Gardener,Instagram, #Hopeful #SeedsOfOptimism ,14,28,INDIA,2022,7,17,6
"Drowning in the abyss of despair, a heart shattered into fragments, lost in the echoing silence of hopelessness.",Despair,2021-09-15 16:00:00,Shattered Heart,Instagram, #Despair #EchoingSilence ,8,16,CANADA,2021,9,15,16
"Bitterness festering like a venomous vine, entwining the soul in a web of resentment, poisoning the garden of peace.",Bitterness,2019-03-08 14:20:00,Venomous Soul,Facebook, #Bitterness #ResentmentWeb ,12,24,UK,2019,3,8,14
"Wandering through the desert of loneliness, each step a heavy sigh, mirages of connection shimmering but never materializing.",Loneliness,2017-07-20 11:45:00,Desert Wanderer,Twitter, #Loneliness #MiragesOfConnection ,15,30,USA,2017,7,20,11
"Yearning for a touch that's not there, echoes of a distant warmth haunting the heart in the cold embrace of solitude.",Yearning,2020-11-02 19:30:00,Cold Embrace,Instagram, #Yearning #DistantWarmth ,10,20,AUSTRALIA,2020,11,2,19
"Eyes wide open in the night, fearful shadows dancing on the walls, the mind a prisoner of imagined horrors.",Fearful,2022-05-12 02:00:00,Night Prisoner,Facebook, #Fearful #ImaginedHorrors ,18,36,INDIA,2022,5,12,2
"Apprehensive steps on the tightrope of uncertainty, a balancing act where the fall seems inevitable, anxiety a constant companion.",Apprehensive,2023-04-08 13:15:00,Tightrope Walker,Twitter, #Apprehensive #BalancingAct ,14,28,UK,2023,4,8,13
"Overwhelmed by the weight of the world, Atlas with trembling shoulders, each responsibility a boulder in the landscape of exhaustion.",Overwhelmed,2021-06-25 17:50:00,Atlas Bearer,Instagram, #Overwhelmed #BouldersOfExhaustion ,22,44,CANADA,2021,6,25,17
"Jealousy, a green-eyed monster, lurking in the shadows, casting a dark cloud over the sunshine of others' success.",Jealous,2019-08-30 10:10:00,Green Monster,Facebook, #Jealous #GreenEyedMonster ,16,32,USA,2019,8,30,10
"Devastated by the storm of betrayal, the wreckage of trust scattered like debris, a heart torn by the winds of broken promises.",Devastated,2022-08-03 15:30:00,Storm Survivor,Twitter, #Devastated #WindsOfBrokenPromises ,25,50,AUSTRALIA,2022,8,3,15
"Frustrated fingers tapping on the keyboard, a symphony of annoyance composing an unsolvable puzzle of unmet expectations.",Frustrated,2020-12-17 09:20:00,Puzzle Composer,Instagram, #Frustrated #UnsolvablePuzzle ,12,24,INDIA,2020,12,17,9
"Envious eyes fixated on the gilded prize, a heartache fueled by the painful desire for possessions that seem forever out of reach.",Envious,2021-02-28 22:45:00,Gilded Heartache,Facebook, #Envious #GildedPrize ,20,40,USA,2021,2,28,22
"Dismissive glances, a fortress built with indifference, walls impenetrable to the pleas of understanding and recognition.",Dismissive,2018-05-10 14:00:00,Indifferent Fort,Twitter, #Dismissive #ImpenetrableWalls ,14,28,UK,2018,5,10,14
"Shattered dreams lie on the floor like fragments of glass, a mosaic of disappointment crafted by the hands of frustration.",Frustrated,2022-01-07 11:10:00,Dream Mosaic,Instagram, #Frustrated #MosaicOfDisappointment ,15,30,CANADA,2022,1,7,11
"Loneliness, a silent companion in the night, the only echo in the chamber of solitude, a heart's solitary nocturne.",Loneliness,2019-09-19 03:30:00,Nocturnal Echo,Facebook, #Loneliness #SolitaryNocturne ,18,36,AUSTRALIA,2019,9,19,3
"Fearful whispers in the dark, the mind haunted by the specter of the unknown, shadows dancing to the rhythm of anxiety's tune.",Fearful,2023-07-14 23:00:00,Dark Whispers,Twitter, #Fearful #SpecterOfTheUnknown ,13,26,UK,2023,7,14,23
"Bitterness, a bitter aftertaste lingering on the tongue, each word a reminder of wounds that refuse to heal with the passing of time.",Bitterness,2020-04-05 16:20:00,Lingering Taste,Instagram, #Bitterness #BitterAftertaste ,10,20,INDIA,2020,4,5,16
"Overwhelmed by the cacophony of expectations, a drowning soul in the tempest of pressure, struggling to stay afloat.",Overwhelmed,2021-11-29 08:45:00,Tempest Survivor,Facebook, #Overwhelmed #DrowningSoul ,20,40,USA,2021,11,29,8
"Jealousy, a venom that seeps through the veins, poisoning the heart and turning it into a breeding ground for discontent.",Jealous,2019-12-12 17:00:00,Venomous Heart,Twitter, #Jealous #HeartOfDiscontent ,16,32,AUSTRALIA,2019,12,12,17
"Devastated by the revelation of betrayal, the trust shattered like fragile glass, leaving shards of pain in its wake.",Devastated,2022-05-20 14:50:00,Fragile Trust,Instagram, #Devastated #ShatteredTrust ,25,50,CANADA,2022,5,20,14
"Frustrated attempts to mend a broken connection, the threads of understanding slipping through the fingers like grains of sand.",Frustrated,2020-09-03 12:15:00,Broken Threads,Facebook, #Frustrated #SlippingThreads ,14,28,UK,2020,9,3,12
"Envious gazes cast upon the podium of success, a bitter pill swallowed, the taste lingering as a constant reminder of unattained heights.",Envious,2021-02-10 19:30:00,Success Pill,Twitter, #Envious #BitterPill ,20,40,USA,2021,2,10,19
"Dismissive gestures, a curtain drawn to shield the vulnerability, a stage where emotions take a backseat to the performance of indifference.",Dismissive,2018-08-18 14:40:00,Curtain Shield,Instagram, #Dismissive #IndifferencePerformance ,12,24,AUSTRALIA,2018,8,18,14
"Despair like a heavy fog, enveloping every thought, blurring the path ahead, a journey in the labyrinth of utter hopelessness.",Despair,2022-02-28 21:00:00,Foggy Labyrinth,Facebook, #Despair #LabyrinthOfHopelessness ,8,16,CANADA,2022,2,28,21
"Bitterness, a bitter chill in the air, freezing moments into icicles of resentment that dangle precariously over the landscape of memory.",Bitterness,2019-10-15 10:30:00,Icy Resentment,Twitter, #Bitterness #IciclesOfResentment ,15,30,UK,2019,10,15,10
"Loneliness, a solitary moon in a starless sky, casting a cold glow on the landscape of isolation, where echoes bounce in empty spaces.",Loneliness,2017-12-01 18:50:00,Solitary Moon,Instagram, #Loneliness #StarlessSky ,18,36,USA,2017,12,1,18
"Yearning for the warmth of a vanished sun, a heartache painted in the hues of a sunset that never graced the horizon.",Yearning,2020-04-18 16:15:00,Vanished Sunset,Facebook, #Yearning #HuesOfSunset ,10,20,AUSTRALIA,2020,4,18,16
"Fearful eyes scanning the shadows, a prisoner of the night, terrorized by the lurking monsters born from the mind's darkest corners.",Fearful,2023-01-07 03:30:00,Night Prisoner,Twitter, #Fearful #LurkingMonsters ,18,36,INDIA,2023,1,7,3
"Apprehensive whispers in the wind, a forecast of uncertainty, the mind's weather vane spinning wildly in the storm of doubt.",Apprehensive,2021-06-10 10:00:00,Wind Whisperer,Instagram, #Apprehensive #StormOfDoubt ,14,28,CANADA,2021,6,10,10
"Overwhelmed by the maze of expectations, a minotaur of pressure lurking in the labyrinth, waiting to devour the spirit of resilience.",Overwhelmed,2020-02-22 15:20:00,Maze Explorer,Facebook, #Overwhelmed #MinotaurOfPressure ,22,44,USA,2020,2,22,15
"Jealousy, a festering wound, the pain intensifying with each glance at the garden of others' achievements, blooming beyond the fence.",Jealous,2018-03-17 14:45:00,Wounded Garden,Twitter, #Jealous #BloomingAchievements ,16,32,UK,2018,3,17,14
"Devastated, a heart in ruins, the echoes of shattered dreams reverberating in the chambers, a requiem for what once was whole.",Devastated,2022-10-28 11:15:00,Ruined Heart,Instagram, #Devastated #EchoesOfShatteredDreams ,25,50,AUSTRALIA,2022,10,28,11
"Frustrated attempts to untangle the knot of confusion, the threads of understanding slipping further into the labyrinth of miscommunication.",Frustrated,2020-11-01 12:30:00,Knot Untangler,Facebook, #Frustrated #LabyrinthOfMiscommunication ,14,28,INDIA,2020,11,1,12
"Envious eyes locked on the treasure chest of opportunities, a heartache fueled by the desire for keys that seem forever elusive.",Envious,2021-01-15 22:10:00,Elusive Keys,Twitter, #Envious #DesireForKeys ,20,40,USA,2021,1,15,22
"Dismissive gestures, a curtain drawn to shield the vulnerability, a stage where emotions take a backseat to the performance of indifference.",Dismissive,2018-08-18 14:00:00,Indifferent Fort,Instagram, #Dismissive #IndifferencePerformance ,12,24,AUSTRALIA,2018,8,18,14
"Shattered dreams lie on the floor like fragments of glass, a mosaic of disappointment crafted by the hands of frustration.",Frustrated,2022-01-07 11:10:00,Dream Mosaic,Twitter, #Frustrated #MosaicOfDisappointment ,15,30,CANADA,2022,1,7,11
Awe-struck by the breathtaking sunrise over the mountains.,Awe,2022-04-03 06:15:00,Nature Admirer,Instagram, #Awe #BreathtakingSunrise                   ,28,55,USA,2022,4,3,6
Navigating through the challenges with determination.,Determination,2023-10-12 10:30:00,Goal Pursuer,Twitter, #Determination #Challenges                  ,15,30,CANADA,2023,10,12,10
Nostalgia hits while flipping through an old photo album.,Nostalgia,2019-06-28 19:00:00,Memory Lane,Facebook, #Nostalgia #OldMemories                     ,22,45,UK,2019,6,28,19
Thrilled to witness the grandeur of a cultural festival.,Thrill,2020-09-15 14:45:00,Culture Enthusiast,Instagram, #Thrill #CulturalCelebration              ,40,80,INDIA,2020,9,15,14
Calmness found in the rhythm of raindrops on the windowpane.,Calmness,2017-11-08 21:20:00,Rain Watcher,Twitter, #Calmness #RainyDays                        ,18,35,AUSTRALIA,2017,11,8,21
Overwhelmed by the support received during a personal challenge.,Overwhelmed,2021-05-20 17:30:00,Personal Journey,Facebook, #Overwhelmed #SupportiveCommunity          ,25,50,USA,2021,5,20,17
Excitement builds as the countdown to a long-awaited vacation begins.,Excitement,2023-01-10 12:00:00,Vacation Dreamer,Instagram, #Excitement #VacationCountdown        ,30,60,FRANCE,2023,1,10,12
"Reflecting on life's journey, grateful for the lessons learned.",Gratitude,2018-12-05 08:45:00,Life Learner,Twitter, #Gratitude #LifeLessons                    ,35,70,BRAZIL,2018,12,5,8
Bittersweet emotions arise while bidding farewell to a dear friend.,Bittersweet,2020-03-15 18:30:00,Farewell Sender,Instagram, #Bittersweet #Farewell                     ,20,40,JAPAN,2020,3,15,18
Curiosity sparked by exploring a mysterious ancient ruin.,Curiosity,2016-08-22 15:10:00,History Explorer,Facebook, #Curiosity #AncientDiscovery          ,18,35,GREECE,2016,8,22,15
Admiration for the intricate details of a handcrafted masterpiece.,Admiration,2019-08-20 16:00:00,Craft Enthusiast,Instagram, #Admiration #HandcraftedArt               ,25,50,USA,2019,8,20,16
Overjoyed by the warmth of a cozy fireplace on a winter evening.,Overjoyed,2021-12-08 19:30:00,Winter Lover,Twitter, #Overjoyed #WinterWarmth                  ,18,35,CANADA,2021,12,8,19
Inspiration strikes while observing the colors of a vibrant sunset.,Inspiration,2020-06-10 20:45:00,Sunset Watcher,Instagram, #Inspiration #ColorfulSunset             ,30,60,UK,2020,6,10,20
Motivated to achieve fitness goals after an invigorating workout.,Motivation,2022-02-28 07:15:00,Fitness Junkie,Facebook, #Motivation #FitnessGoals                 ,40,80,AUSTRALIA,2022,2,28,7
Gratitude for the simple joys found in a cup of morning coffee.,Gratitude,2017-04-15 08:00:00,Coffee Lover,Twitter, #Gratitude #MorningCoffee                 ,22,45,INDIA,2017,4,15,8
Feeling empowered after conquering a challenging hiking trail.,Empowerment,2018-09-05 14:20:00,Hiking Explorer,Instagram, #Empowerment #HikingAdventure             ,35,70,USA,2018,9,5,14
Amused by the antics of playful kittens during playtime.,Amusement,2022-10-22 12:45:00,Kitty Observer,Facebook, #Amusement #PlayfulKittens               ,15,30,CANADA,2022,10,22,12
Contemplating life's mysteries under the starry night sky.,Contemplation,2016-07-02 23:30:00,Stargazer,Twitter, #Contemplation #StarryNight               ,28,55,UK,2016,7,2,23
Joyful reunion with long-lost friends after years of separation.,Joyfulreunion,2020-11-18 17:10:00,Friendship Renewal,Instagram, #JoyfulReunion #Friendship               ,20,40,INDIA,2020,11,18,17
Excitement builds while preparing for a surprise celebration.,Excitement,2023-03-05 15:00:00,Celebration Planner,Facebook, #Excitement #SurpriseCelebration         ,30,60,AUSTRALIA,2023,3,5,15
Satisfaction derived from successfully completing a DIY project.,Satisfaction,2015-12-01 11:30:00,DIYEnthusiast,Twitter, #Satisfaction #DIYProject                 ,25,50,USA,2015,12,1,11
Feeling blessed for the supportive community in times of need.,Blessed,2021-09-10 09:45:00,Community Helper,Instagram, #Blessed #SupportiveCommunity            ,18,35,UK,2021,9,10,9
Captivated by the serenity of a tranquil garden in full bloom.,Serenity,2018-05-12 14:20:00,Garden Enthusiast,Facebook, #Serenity #TranquilGarden                ,22,45,CANADA,2018,5,12,14
Anticipation for an upcoming adventure in an exotic destination.,Anticipation,2022-07-25 10:00:00,Wanderlust,Twitter, #Anticipation #AdventureAwaits           ,40,80,INDIA,2022,7,25,10
Reflecting on personal growth achieved through life experiences.,Reflection,2019-03-08 18:30:00,Growth Seeker,Instagram, #Reflection #PersonalGrowth              ,35,70,USA,2019,3,8,18
Nostalgic memories flood in while revisiting childhood favorites.,Nostalgia,2017-01-28 21:15:00,Childhood Memories,Facebook, #Nostalgia #ChildhoodFavorites           ,20,40,AUSTRALIA,2017,1,28,21
Appreciation for the vibrant culture experienced during travel.,Appreciation,2016-11-14 13:45:00,Culture Explorer,Twitter, #Appreciation #CulturalExperience        ,28,55,UK,2016,11,14,13
Confidence soars after overcoming public speaking anxiety.,Confidence,2020-04-02 17:30:00,Public Speaker,Instagram, #Confidence #OvercomingAnxiety          ,15,30,USA,2020,4,2,17
Contentment in the midst of a family gathering filled with laughter.,Contentment,2023-01-15 19:00:00,Family Celebration,Facebook, #Contentment #FamilyLaughter             ,25,50,CANADA,2023,1,15,19
Enthusiasm for learning new skills and expanding knowledge.,Enthusiasm,2018-08-07 12:15:00,Lifelong Learner,Twitter, #Enthusiasm #SkillBuilding               ,30,60,INDIA,2018,8,7,12
Surprise and delight at discovering a hidden gem in the city.,Surprise,2019-10-18 16:45:00,City Explorer,Instagram, #Surprise #HiddenGem                      ,18,35,UK,2019,10,18,16
A sense of accomplishment after completing a challenging workout.,Accomplishment,2022-06-30 07:00:00,Fitness Achiever,Facebook, #Accomplishment #FitnessSuccess         ,22,45,AUSTRALIA,2022,6,30,7
Wonderment at the beauty of a double rainbow after the rain.,Wonderment,2017-06-12 18:20:00,Rainbow Chaser,Twitter, #Wonderment #DoubleRainbow               ,35,70,USA,2017,6,12,18
Optimism for a bright future amidst challenging times.,Optimism,2021-07-05 09:30:00,Future Optimist,Instagram, #Optimism #BrightFuture                  ,20,40,CANADA,2021,7,5,9
Pride in achieving a personal milestone in career progression.,Pride,2016-04-15 14:50:00,Career Achiever,Facebook, #Pride #CareerMilestone                  ,28,55,UK,2016,4,15,14
Happiness blooms like flowers in a garden on a sunny day.,Happiness,2020-02-10 11:15:00,Sunny Day Enthusiast,Twitter, #Happiness #SunnyDay                      ,15,30,INDIA,2020,2,10,11
Elation over discovering a rare book in a quaint bookstore.,Elation,2018-09-22 16:30:00,Bookworm,Instagram, #Elation #RareBookDiscovery              ,40,80,USA,2018,9,22,16
Curiosity piqued by the mysteries of an ancient archaeological site.,Curiosity,2015-11-08 10:00:00,Archaeology Enthusiast,Facebook, #Curiosity #AncientMysteries            ,18,35,AUSTRALIA,2015,11,8,10
Mesmerized by the cosmic dance of fireflies on a moonlit night.,Enchantment,2022-08-10 22:00:00,Night Sky Observer,Instagram, #Enchantment #CosmicFireflies             ,25,50,BRAZIL,2022,8,10,22
Intrigued by the symphony of colors in an abstract art exhibition.,Intrigue,2019-04-05 17:30:00,Art Connoisseur,Twitter, #Intrigue #AbstractArt                   ,18,35,FRANCE,2019,4,5,17
Giggles and joy echo in the air during a children's playdate.,Playfuljoy,2020-12-15 15:45:00,Playful Parent,Facebook, #PlayfulJoy #ChildrensPlaydate           ,22,45,JAPAN,2020,12,15,15
Enveloped in serenity while practicing mindfulness by the lake.,Mindfulness,2017-10-20 08:15:00,Zen Seeker,Instagram, #Mindfulness #LakeTranquility            ,35,70,CANADA,2017,10,20,8
Chasing dreams like a kite soaring high in the vast open sky.,Dreamchaser,2021-02-28 13:00:00,Sky Dreamer,Twitter, #DreamChaser #SkyHighDreams              ,30,60,AUSTRALIA,2021,2,28,13
Spellbound by the elegance of a ballroom dance under crystal chandeliers.,Elegance,2018-06-12 20:30:00,Dance Enthusiast,Facebook, #Elegance #BallroomDance                ,28,55,UK,2018,6,12,20
Whimsical delight in a world of fairy tales and magical creatures.,Whimsy,2016-03-08 14:20:00,Fairy Tale Explorer,Instagram, #Whimsy #MagicalWorld                    ,20,40,USA,2016,3,8,14
Pensive contemplation amid the ancient ruins of a forgotten civilization.,Pensive,2023-04-18 17:10:00,Ruins Explorer,Twitter, #Pensive #AncientCivilization           ,18,35,GREECE,2023,4,18,17
Embracing the thrill of speed on a rollercoaster's exhilarating twists.,Thrill,2020-07-25 12:45:00,Rollercoaster Fan,Facebook, #Thrill #RollercoasterAdventure        ,22,45,GERMANY,2020,7,25,12
Harmony resonates as musicians play a melody of unity and togetherness.,Harmony,2019-11-30 19:30:00,Music Harmonist,Instagram, #Harmony #MusicalUnity                   ,35,70,SWEDEN,2019,11,30,19
A burst of creativity in the quiet solitude of an artist's studio.,Creativity,2015-09-01 16:00:00,Studio Artist,Twitter, #Creativity #ArtistsHaven               ,15,30,ITALY,2015,9,1,16
Radiant joy akin to blooming flowers on a sun-kissed spring morning.,Radiance,2022-05-05 10:15:00,Spring Enthusiast,Facebook, #Radiance #SpringBlooms                 ,25,50,NETHERLANDS,2022,5,5,10
A sense of wonder at the vastness of the cosmos on a stargazing night.,Wonder,2018-07-08 23:00:00,Cosmos Explorer,Instagram, #Wonder #StargazingAdventure            ,40,80,SOUTH AFRICA,2018,7,8,23
Rejuvenated by the salty breeze and the sound of waves at the seaside.,Rejuvenation,2021-09-20 14:30:00,Sea Breeze Lover,Twitter, #Rejuvenation #SeasideEscape            ,18,35,SPAIN,2021,9,20,14
Whispers of inspiration from the rustling leaves in a serene forest.,Inspiration,2016-11-15 11:45:00,Forest Dreamer,Facebook, #Inspiration #ForestWhispers            ,28,55,PORTUGAL,2016,11,15,11
Savoring the warmth of a cup of cocoa on a chilly winter evening.,Coziness,2020-01-12 18:00:00,Winter Warmth,Instagram, #Coziness #WarmWinterEvening           ,30,60,SWITZERLAND,2020,1,12,18
Heartfelt gratitude for the laughter shared during a family reunion.,Gratitude,2017-12-28 19:15:00,Family Gatherer,Facebook, #Gratitude #FamilyLaughter              ,22,45,AUSTRIA,2017,12,28,19
"Embarking on a culinary adventure, savoring exotic flavors around the world.",Adventure,2019-03-02 20:20:00,Culinary Explorer,Twitter, #Adventure #CulinaryJourney             ,35,70,BELGIUM,2019,3,2,20
Euphoria floods in as the final puzzle piece clicks into place.,Euphoria,2022-06-08 15:30:00,Puzzle Solver,Instagram, #Euphoria #PuzzleCompletion            ,20,40,DENMARK,2022,6,8,15
Awe-inspired by the grandeur of an ancient cathedral's intricate architecture.,Awe,2018-08-18 14:45:00,Cathedral Visitor,Facebook, #Awe #ArchitecturalGrandeur            ,18,35,CZECH REPUBLIC,2018,8,18,14
Captivated by the ethereal beauty of a field filled with fireflies.,Enchantment,2022-08-10 22:00:00,Night Sky Observer,Instagram, #Enchantment #FireflyField              ,25,50,BRAZIL,2022,8,10,22
Immersed in the enchanting melodies of a street musician's violin.,Melodic,2019-04-05 17:30:00,Music Lover,Twitter, #Melodic #StreetMusic                   ,18,35,FRANCE,2019,4,5,17
Joyful laughter resonates through a lively summer carnival.,Festivejoy,2020-12-15 15:45:00,Carnival Goer,Facebook, #FestiveJoy #SummerCarnival             ,22,45,JAPAN,2020,12,15,15
Exploring the universe within during a mindful meditation session.,Innerjourney,2017-10-20 08:15:00,Mindful Explorer,Instagram, #InnerJourney #MeditationBliss          ,35,70,CANADA,2017,10,20,8
Soaring like a free spirit on the winds of a coastal cliff.,Freedom,2021-02-28 13:00:00,Coastal Explorer,Twitter, #Freedom #CoastalAdventure              ,30,60,AUSTRALIA,2021,2,28,13
Dazzled by the elegance of a masquerade ball's dazzling costumes.,Dazzle,2018-06-12 20:30:00,Masquerade Attendee,Facebook, #Dazzle #MasqueradeElegance            ,28,55,UK,2018,6,12,20
Whimsical delight in a world of whimsical fairy tales.,Whimsy,2016-03-08 14:20:00,Fairy Tale Adventurer,Instagram, #Whimsy #FairyTaleMagic                 ,20,40,USA,2016,3,8,14
Reflective contemplation amid the ruins of a forgotten era.,Reflection,2023-04-18 17:10:00,Ruins Explorer,Twitter, #Reflection #ForgottenEra               ,18,35,GREECE,2023,4,18,17
Riding the adrenaline rush on a rollercoaster's wild twists.,Adrenaline,2020-07-25 12:45:00,Thrill Seeker,Facebook, #Adrenaline #RollercoasterThrills      ,22,45,GERMANY,2020,7,25,12
Harmony resonates as musicians play a symphony of unity.,Harmony,2019-11-30 19:30:00,Music Harmonist,Instagram, #Harmony #MusicalUnity                   ,35,70,SWEDEN,2019,11,30,19
A burst of artistic creativity in the quietude of an artist's studio.,Artisticburst,2015-09-01 16:00:00,Studio Artist,Twitter, #ArtisticBurst #StudioCreativity       ,15,30,ITALY,2015,9,1,16
Radiant joy akin to blossoming flowers on a sunlit spring morning.,Radiance,2022-05-05 10:15:00,Spring Enthusiast,Facebook, #Radiance #SpringBlooms                 ,25,50,NETHERLANDS,2022,5,5,10
Awe-inspired by the vastness of the cosmos on a stargazing night.,Wonder,2018-07-08 23:00:00,Cosmos Explorer,Instagram, #Wonder #StargazingAdventure            ,40,80,SOUTH AFRICA,2018,7,8,23
"Embarking on a culinary odyssey, savoring flavors around the world.",Culinaryodyssey,2019-03-02 20:20:00,Culinary Explorer,Twitter, #CulinaryOdyssey #FlavorsAroundTheWorld ,35,70,BELGIUM,2019,3,2,20
Euphoria floods in as the final puzzle piece fits perfectly.,Euphoria,2022-06-08 15:30:00,Puzzle Solver,Instagram, #Euphoria #PerfectPuzzle               ,20,40,DENMARK,2022,6,8,15
Awe-struck by the grandeur of an ancient cathedral's intricate architecture.,Awe,2018-08-18 14:45:00,Cathedral Visitor,Facebook, #Awe #ArchitecturalGrandeur            ,18,35,CZECH REPUBLIC,2018,8,18,14
Curiosity awakened by the mysteries of an ancient archaeological site.,Curiosity,2015-11-08 10:00:00,Archaeology Enthusiast,Instagram, #Curiosity #AncientMysteries          ,18,35,AUSTRALIA,2015,11,8,10
Giddy with excitement as the first snowflakes dance from the sky.,Excitement,2020-12-02 17:30:00,Snowfall Enthusiast,Twitter, #Excitement #SnowfallMagic             ,22,45,CANADA,2020,12,2,17
Contentment envelops as the aroma of freshly baked bread fills the air.,Contentment,2017-06-10 12:15:00,Bread Lover,Instagram, #Contentment #FreshBreadAroma          ,28,55,FRANCE,2017,6,10,12
Inspired by the resilience of a lone tree standing tall in a storm.,Resilience,2021-04-15 14:20:00,Nature Resilient,Facebook, #Resilience #StandingTall              ,35,70,USA,2021,4,15,14
"Lost in the pages of a captivating novel, transported to another world.",Immersion,2019-09-28 19:45:00,Bookworm,Twitter, #Immersion #CaptivatingNovel           ,20,40,UK,2019,9,28,19
Drenched in nostalgia while flipping through an old family photo album.,Nostalgia,2016-12-05 21:00:00,Family Historian,Instagram, #Nostalgia #FamilyPhotoAlbum           ,25,50,INDIA,2016,12,5,21
Spark of inspiration ignites like a shooting star in the night sky.,Spark,2018-02-10 23:30:00,Night Sky Watcher,Facebook, #Spark #InspirationIgnited             ,30,60,AUSTRALIA,2018,2,10,23
Imbued with gratitude for the simple pleasure of a warm cup of tea.,Gratitude,2023-02-15 08:30:00,Tea Enthusiast,Twitter, #Gratitude #WarmTea                    ,18,35,JAPAN,2023,2,15,8
Marveling at the kaleidoscope of colors in a vibrant street market.,Marvel,2015-08-22 15:00:00,Market Explorer,Instagram, #Marvel #ColorfulStreetMarket          ,22,45,BRAZIL,2015,8,22,15
Awash with serenity as the sun sets over a tranquil lakeside retreat.,Serenity,2020-11-20 18:45:00,Lakeside Retreater,Facebook, #Serenity #TranquilSunset              ,28,55,GERMANY,2020,11,20,18
Drowning in sorrow as memories of lost love resurface.,Heartbreak,2019-08-05 21:00:00,Lost In Love,Instagram, #Heartbreak #LostLove                    ,15,30,USA,2019,8,5,21
Numbness sets in as the weight of loneliness grows heavier.,Loneliness,2021-02-12 16:45:00,Solitude Seeker,Twitter, #Loneliness #HeavyHeart                  ,18,35,CANADA,2021,2,12,16
"Tears fall like raindrops, mourning the end of a cherished friendship.",Grief,2020-11-28 14:20:00,Friendships End,Facebook, #Grief #LostFriendship                  ,22,45,UK,2020,11,28,14
"Despair clouds the mind, feeling adrift in an endless sea of darkness.",Despair,2016-05-15 22:30:00,Lost In Darkness,Instagram, #Despair #EndlessDarkness               ,28,55,AUSTRALIA,2016,5,15,22
"Shattered by betrayal, trust crumbles like fragile glass.",Betrayal,2018-09-10 13:15:00,Broken Trust,Twitter, #Betrayal #ShatteredTrust               ,22,45,GERMANY,2018,9,10,13
"Aching heart, the symphony of pain plays in the silence of solitude.",Suffering,2022-03-20 19:30:00,Silent Sufferer,Facebook, #Suffering #HeartacheSymphony          ,25,50,BRAZIL,2022,3,20,19
"Emotional storm, a whirlwind of sadness engulfs every thought.",Emotionalstorm,2017-07-18 17:45:00,Stormy Feelings,Instagram, #EmotionalStorm #SadnessWhirlwind      ,30,60,INDIA,2017,7,18,17
"Haunted by regrets, the ghost of the past lingers relentlessly.",Regret,2018-12-15 10:00:00,Lingering Ghost,Twitter, #Regret #HauntedPast                    ,18,35,FRANCE,2018,12,15,10
"Torn apart by grief, the echoes of loss reverberate through the soul.",Grief,2015-06-28 21:15:00,Echoes Of Loss,Facebook, #Grief #TornApart                       ,28,55,ITALY,2015,6,28,21
"Isolation deepens, an emotional winter where warmth is but a distant memory.",Isolation,2020-04-02 14:20:00,Winter Of Emotions,Instagram, #Isolation #EmotionalWinter            ,35,70,JAPAN,2020,4,2,14
"Soul-crushing disappointment, hopes shattered like fragile glass.",Disappointment,2019-10-08 18:30:00,Shattered Hopes,Twitter, #Disappointment #CrushedHopes          ,20,40,SPAIN,2019,10,8,18
"Painful echoes of a love once cherished, now lost in the abyss of time.",Lostlove,2016-11-22 09:45:00,Abyss Of Time,Facebook, #LostLove #PainfulEchoes               ,22,45,NETHERLANDS,2016,11,22,9
"Heartache deepens, a solitary journey through the abyss of despair.",Despair,2022-08-18 22:00:00,Solitary Descent,Instagram, #Despair #AbyssOfHeartache             ,40,80,SOUTH AFRICA,2022,8,18,22
"Melancholy lingers, a bittersweet serenade in the quietude of solitude.",Melancholy,2017-03-12 23:30:00,Serenade Of Solitude,Twitter, #Melancholy #QuietSerenade             ,18,35,UK,2017,3,12,23
"Bitterness like a poison, seeping into every crevice of the wounded heart.",Bitterness,2015-12-15 16:15:00,Poisoned Heart,Facebook, #Bitterness #WoundedHeart              ,25,50,AUSTRALIA,2015,12,15,16
"Emotional exhaustion, the weight of the world crushing weary shoulders.",Exhaustion,2021-09-05 13:30:00,Weary Soul Crushed,Instagram, #Exhaustion #CrushedSpirit             ,35,70,CANADA,2021,9,5,13
"Sorrowful echoes, a symphony of pain played by the strings of loss.",Sorrow,2018-05-22 20:45:00,Strings Of Sorrow,Twitter, #Sorrow #SymphonyOfLoss                ,18,35,GERMANY,2018,5,22,20
"Darkness descends, engulfing the soul in the shadows of despair.",Darkness,2016-07-10 18:20:00,Soul In Shadow,Facebook, #Darkness #SoulEngulfed                 ,28,55,USA,2016,7,10,18
"Desperation whispers, the silent plea for a glimmer of hope in the abyss.",Desperation,2019-04-30 14:00:00,Whispered Despair,Instagram, #Desperation #GlimmerOfHope            ,22,45,FRANCE,2019,4,30,14
"Heart in ruins, the remnants of shattered dreams scattered in the wind.",Ruins,2022-01-08 11:30:00,Dreams In Wind,Twitter, #Ruins #ShatteredDreams                ,20,40,BRAZIL,2022,1,8,11
"Shattered by the echoes of a shattered dream, fragments of hope scattered.",Desolation,2017-09-10 19:15:00,Dream Echoes,Twitter, #Desolation #ScatteredHope ,20,40,AUSTRALIA,2017,9,10,19
"Avoiding the thorns of regret, walking barefoot on the path of remorse.",Regret,2022-04-18 11:30:00,Remorse Walker,Instagram, #Regret #PathOfRemorse ,25,50,CANADA,2022,4,18,11
"In the labyrinth of grief, the walls echo with the footsteps of lost joy.",Grief,2018-12-05 21:45:00,Joy Labyrinth,Facebook, #Grief #LostJoyFootsteps ,18,35,USA,2018,12,5,21
"A soul adrift in the sea of solitude, waves of loneliness crashing relentlessly.",Loneliness,2016-06-28 14:20:00,Solitude Seas,Twitter, #Loneliness #CrashingWaves ,22,45,UK,2016,6,28,14
"The bitterness of betrayal, a taste that lingers, staining the palate of trust.",Bitterness,2019-10-22 17:00:00,Palate Stainer,Instagram, #Bitterness #StainedTrust ,15,30,GERMANY,2019,10,22,17
"In the ruins of hope, echoes of shattered dreams whisper tales of loss.",Desolation,2021-03-15 22:45:00,Hope Ruins,Facebook, #Desolation #WhisperedLoss ,28,55,BRAZIL,2021,3,15,22
"Sinking like a stone in the ocean of heartbreak, each ripple a sigh of despair.",Heartbreak,2017-08-10 19:30:00,Ocean Sinker,Twitter, #Heartbreak #RippleOfDespair ,22,45,FRANCE,2017,8,10,19
"Tears, the ink staining the pages of a journal, a testament to silent grief.",Grief,2023-01-28 14:30:00,Ink Journalist,Instagram, #Grief #SilentTears ,30,60,INDIA,2023,1,28,14
"In the wasteland of lost trust, the echoes of broken promises reverberate.",Betrayal,2016-12-12 10:00:00,Trust Wasteland,Facebook, #Betrayal #ReverberatingPromises ,25,50,ITALY,2016,12,12,10
"Avoiding the shards of shattered dreams, walking the tightrope of resilience.",Resilience,2020-07-18 15:15:00,Dream Tightrope,Twitter, #Resilience #TightropeWalk ,35,70,JAPAN,2020,7,18,15
"Suffocating in the silence of solitude, where echoes of laughter once thrived.",Isolation,2022-05-20 20:30:00,Echoed Laughter,Instagram, #Isolation #SilentSolitude ,30,60,SOUTH AFRICA,2022,5,20,20
"Haunted by the specter of lost possibilities, a ghost that refuses to fade away.",Regret,2019-11-08 14:45:00,Possibility Ghost,Twitter, #Regret #FadingPossibilities ,18,35,SPAIN,2019,11,8,14
"In the labyrinth of despair, the echoes of a broken heart reverberate endlessly.",Despair,2017-03-28 22:00:00,Endless Labyrinth,Facebook, #Despair #EndlessReverberation ,28,55,AUSTRALIA,2017,3,28,22
"Sinking like autumn leaves in the river of sorrow, carried away by the current.",Sorrow,2020-09-15 18:15:00,River Of Sorrow,Instagram, #Sorrow #AutumnLeaves ,22,45,CANADA,2020,9,15,18
"In the garden of broken dreams, petals fall, a silent testimony to shattered hopes.",Desolation,2018-06-10 13:30:00,Dream Gardener,Twitter, #Desolation #ShatteredHopes ,20,40,UK,2018,6,10,13
"Tears, the currency of grief, spent in the marketplace of lost love and longing.",Grief,2016-12-22 21:45:00,Currency Of Tears,Facebook, #Grief #LostLoveLonging ,25,50,USA,2016,12,22,21
"Wandering in the maze of betrayal, the walls closing in with every wrong turn.",Betrayal,2021-01-05 16:20:00,Maze Wanderer,Instagram, #Betrayal #ClosingWalls ,15,30,GERMANY,2021,1,5,16
"A soul weathered by the storm of heartbreak, seeking refuge in the calm after.",Heartbreak,2019-04-18 11:00:00,Storm Seeker,Twitter, #Heartbreak #CalmAfterStorm ,22,45,BRAZIL,2019,4,18,11
"In the tapestry of despair, threads of hope unravel, leaving a portrait of sorrow.",Despair,2017-08-28 19:30:00,Tapestry Sorrow,Facebook, #Despair #UnraveledHope ,18,35,INDIA,2017,8,28,19
"Like a withered rose in the garden of love, petals fall, a silent surrender to time.",Loss,2023-02-10 14:30:00,Withered Rose,Instagram, #Loss #SilentSurrender ,28,55,FRANCE,2023,2,10,14
"In the void of heartache, echoes of a love song play, each note a pang of longing.",Heartache,2022-07-10 22:15:00,Love Song Echo,Instagram, #Heartache #LoveSongLonging ,30,60,JAPAN,2022,7,10,22
"Nostalgia, a bittersweet dance in the moonlit ballroom of cherished memories.",Nostalgia,2019-05-15 21:30:00,Moonlit Memories,Twitter, #Nostalgia #CherishedMemories ,18,35,ITALY,2019,5,15,21
"In the symphony of grief, each tear is a note, composing a melancholic melody.",Grief,2018-11-28 14:00:00,Symphony Of Tears,Facebook, #Grief #MelancholicMelody ,22,45,GERMANY,2018,11,28,14
"Betrayal, a venomous serpent slithering through the garden of trust, poisoning roots.",Betrayal,2021-03-02 17:45:00,Venomous Garden,Instagram, #Betrayal #PoisonedTrust ,25,50,CANADA,2021,3,2,17
"Sinking in the quicksand of despair, the harder you fight, the deeper you descend.",Despair,2016-10-18 19:30:00,Quicksand Fighter,Twitter, #Despair #DeepDescent ,20,40,USA,2016,10,18,19
"Wandering through the cemetery of lost dreams, tombstones marking untold sorrows.",Desolation,2020-08-15 12:30:00,Dream Cemetery,Facebook, #Desolation #UntoldSorrows ,28,55,FRANCE,2020,8,15,12
"Swept away by the river of regret, the currents of the past refusing to release.",Regret,2017-04-28 16:20:00,Regret River,Instagram, #Regret #PastCurrents ,18,35,UK,2017,4,28,16
"Whispers of lost love linger in the attic of the heart, forgotten but not erased.",Loss,2019-09-10 21:00:00,Heart Attic,Twitter, #Loss #ForgottenLove ,22,45,AUSTRALIA,2019,9,10,21
"In the gallery of broken promises, each shattered vow framed, a painful exhibition.",Betrayal,2022-01-28 13:45:00,Promise Gallery,Facebook, #Betrayal #ShatteredVows ,15,30,BRAZIL,2022,1,28,13
"The echoes of solitude, a silent conversation between a soul and its shadows.",Solitude,2016-06-15 22:30:00,Echoed Conversation,Instagram, #Solitude #ShadowConversation ,30,60,SPAIN,2016,6,15,22
"Dancing on sunshine, each step a celebration of the joy found in simple moments.",Joy,2021-08-20 15:45:00,Sunshine Dancer,Instagram, #Joy #SimpleMoments ,40,80,USA,2021,8,20,15
"Laughter echoes in the air, a chorus of happiness that lifts the spirit higher.",Happiness,2018-04-12 18:30:00,Echoed Laughter,Twitter, #Happiness #SpiritLifter ,35,70,CANADA,2018,4,12,18
"In the garden of contentment, each bloom whispers tales of inner peace and joy.",Contentment,2022-02-15 12:20:00,Garden Of Joy,Facebook, #Contentment #InnerPeace ,25,50,UK,2022,2,15,12
"Chasing dreams under the vibrant sky, a journey fueled by hope and enthusiasm.",Enthusiasm,2019-10-28 14:15:00,Dream Chaser,Instagram, #Enthusiasm #HopefulJourney ,30,60,AUSTRALIA,2019,10,28,14
"Serenading the stars with a heart full of gratitude, a melody of thankfulness.",Gratitude,2017-12-22 21:00:00,Star Serenader,Twitter, #Gratitude #ThankfulMelody ,22,45,INDIA,2017,12,22,21
"Basking in the glow of accomplishment, each milestone a stepping stone to happiness.",Accomplishment,2020-06-10 17:30:00,Glow Achiever,Facebook, #Accomplishment #HappinessMilestone ,28,55,GERMANY,2020,6,10,17
"In the dance of positivity, every step is a rhythm, uplifting the soul in harmony.",Positivity,2016-09-18 19:45:00,Dance Harmony,Instagram, #Positivity #SoulUpliftment ,18,35,FRANCE,2016,9,18,19
"Overflowing with joy, a cup of laughter shared with friends, a moment cherished.",Joy,2023-03-10 14:30:00,Laughter Cup,Twitter, #Joy #CherishedMoment ,20,40,JAPAN,2023,3,10,14
"Draped in the warmth of kindness, a quilt of compassion stitched with love.",Kindness,2019-05-05 12:15:00,Quilted Compassion,Facebook, #Kindness #LoveStitches ,25,50,BRAZIL,2019,5,5,12
"In the garden of friendships, each bloom a testament to the beauty of camaraderie.",Friendship,2018-08-28 16:00:00,Friendship Garden,Instagram, #Friendship #CamaraderieBlooms ,30,60,SOUTH AFRICA,2018,8,28,16
"In the embrace of love, each heartbeat is a melody, dancing to the rhythm of affection.",Love,2022-11-15 20:45:00,Melody Of Love,Twitter, #Love #RhythmOfAffection ,35,70,USA,2022,11,15,20
"Surrounded by the colors of joy, a canvas painted with laughter and endless smiles.",Joy,2019-07-02 17:00:00,Colorful Laughter,Instagram, #Joy #EndlessSmiles ,40,80,CANADA,2019,7,2,17
"In the symphony of excitement, each note is a burst of energy, igniting the soul with fervor.",Excitement,2021-04-18 14:20:00,Symphony Fervor,Facebook, #Excitement #IgnitedSoul ,30,60,UK,2021,4,18,14
"A surprise gift, wrapped in anticipation, unfolds a moment of delight and wonder.",Surprise,2023-02-05 19:30:00,Wrapped Delight,Twitter, #Surprise #WonderfulMoment ,25,50,AUSTRALIA,2023,2,5,19
"Lost in the maze of curiosity, each twist and turn unveils the treasures of discovery.",Curiosity,2018-09-22 12:45:00,Maze Discovery,Instagram, #Curiosity #TreasuresOfDiscovery ,22,45,INDIA,2018,9,22,12
"Floating on clouds of gratitude, each raindrop a blessing, a shower of thankfulness.",Gratitude,2016-12-10 21:15:00,Clouds Of Blessings,Facebook, #Gratitude #ShowerOfThankfulness ,28,55,GERMANY,2016,12,10,21
"Like a comet of inspiration, streaking through the sky of creativity, leaving trails of brilliance.",Inspiration,2020-05-28 16:00:00,Comet Creativity,Twitter, #Inspiration #BrilliantTrails ,18,35,FRANCE,2020,5,28,16
"In the celebration of success, fireworks of accomplishment light up the night sky of triumph.",Success,2017-11-15 22:30:00,Fireworks Triumph,Instagram, #Success #NightSkyTriumph ,22,45,JAPAN,2017,11,15,22
"A symphony of laughter, each note a key to unlocking the door of boundless happiness.",Happiness,2021-08-02 19:00:00,Laughter Symphony,Facebook, #Happiness #BoundlessLaughter ,30,60,BRAZIL,2021,8,2,19
"In the carnival of emotions, the rollercoaster of thrill sends the heart on a wild ride.",Thrill,2019-03-28 15:30:00,Emotion Carnival,Instagram, #Thrill #WildHeartRide ,35,70,SOUTH AFRICA,2019,3,28,15
"Standing before the grandeur of the Eiffel Tower, a moment to reflect on the beauty of Parisian dreams.",Reflection,2018-05-12 17:30:00,Paris Dreamer,Twitter, #Reflection #ParisianDreams ,28,55,FRANCE,2018,5,12,17
"Lost in the enchantment of Disneyland, each ride a journey into the realm of childhood fantasies.",Enchantment,2022-09-28 15:45:00,Disneyland Explorer,Instagram, #Enchantment #ChildhoodFantasies ,30,60,USA,2022,9,28,15
"Exploring the wonders of Ferrari World, the roar of engines creating a symphony of speed.",Excitement,2019-11-10 14:00:00,Ferrari Speedster,Facebook, #Excitement #SymphonyOfSpeed ,22,45,ITALY,2019,11,10,14
"Amidst the tulip fields of Keukenhof, a tapestry of colors that paints the soul with springtime joy.",Joy,2021-04-02 18:20:00,Keukenhof Adventurer,Instagram, #Joy #SpringtimeColors ,35,70,NETHERLANDS,2021,4,2,18
"Wandering through the historical streets of Kyoto, each step a journey into the heart of Japan's traditions.",Exploration,2017-08-22 21:30:00,Kyoto Adventurer,Twitter, #Exploration #JapaneseTraditions ,18,35,JAPAN,2017,8,22,21
"In the embrace of the Grand Canyon, nature's masterpiece, a moment to marvel at Earth's grandeur.",Awe,2020-06-15 16:45:00,Canyon Marveler,Instagram, #Awe #EarthsGrandeur ,25,50,USA,2020,6,15,16
"Journeying through the serenity of Santorini, where each sunset paints the sky with hues of tranquility.",Serenity,2016-09-10 19:15:00,Santorini Traveler,Facebook, #Serenity #SunsetHues ,22,45,GREECE,2016,9,10,19
"Amazed by the architectural marvels of Petra, each stone telling tales of an ancient civilization.",Amazement,2023-01-28 13:00:00,Petra Explorer,Twitter, #Amazement #AncientTales ,30,60,JORDAN,2023,1,28,13
"Embarking on a gondola ride in Venice, each canal reflecting the romance of this timeless city.",Romance,2019-04-18 16:30:00,Venice Romantic,Instagram, #Romance #TimelessCity ,20,40,ITALY,2019,4,18,16
"At the summit of Machu Picchu, a breathtaking panorama that whispers the secrets of ancient civilizations.",Awe,2017-11-05 22:00:00,Machu Picchu Adventurer,Facebook, #Awe #AncientCivilizations ,28,55,PERU,2017,11,5,22
"In the heart of New York City, Times Square dazzles with lights, a vibrant spectacle of urban energy.",Excitement,2022-07-20 21:45:00,Times Square Explorer,Instagram, #Excitement #UrbanEnergy ,35,70,USA,2022,7,20,21
"Captivated by the historical charm of the Colosseum, each stone echoing tales of gladiator valor.",Captivation,2018-03-15 17:30:00,Colosseum Adventurer,Twitter, #Captivation #GladiatorTales ,25,50,ITALY,2018,3,15,17
"Sailing the azure waters of the Maldives, each wave a whisper of serenity in paradise.",Serenity,2019-10-28 14:15:00,Maldives Sailor,Facebook, #Serenity #ParadiseWhispers ,22,45,MALDIVES,2019,10,28,14
"In the midst of the Amazon rainforest, a symphony of wildlife creates an orchestra of nature's wonders.",Wonder,2021-06-10 16:00:00,Amazon Explorer,Instagram, #Wonder #NatureOrchestra ,30,60,BRAZIL,2021,6,10,16
"Walking the Great Wall of China, each step a testament to ancient engineering marvels.",Awe,2017-08-18 19:30:00,Great Wall Walker,Twitter, #Awe #EngineeringMarvels ,18,35,CHINA,2017,8,18,19
"At the summit of Mount Fuji, a breathtaking sunrise that paints the sky with hues of accomplishment.",Accomplishment,2020-04-15 05:30:00,Fuji Summit Achiever,Facebook, #Accomplishment #SunriseHues ,28,55,JAPAN,2020,4,15,5
"Exploring the ancient ruins of Angkor Wat, each stone whispering stories of Khmer civilization.",Exploration,2016-11-22 13:00:00,Angkor Wat Adventurer,Instagram, #Exploration #KhmerStories ,20,40,CAMBODIA,2016,11,22,13
"Skiing down the slopes of the Swiss Alps, each turn a dance with the majesty of snow-capped peaks.",Adventure,2019-01-10 14:45:00,Alps Ski Adventurer,Twitter, #Adventure #SnowPeakDance ,22,45,SWITZERLAND,2019,1,10,14
"In the tranquility of Kyoto's bamboo forest, whispers of ancient Zen wisdom echo through the groves.",Tranquility,2023-02-28 16:20:00,Kyoto Bamboo Seeker,Facebook, #Tranquility #ZenWisdom ,25,50,JAPAN,2023,2,28,16
"Cruising the fjords of Norway, each icy landscape a breathtaking masterpiece of nature's grandeur.",Grandeur,2018-05-28 18:30:00,Norway Fjord Explorer,Instagram, #Grandeur #IcyMasterpiece ,22,45,NORWAY,2018,5,28,18
"At the front row of Adele's concert, each note of 'Someone Like You' resonates with soul-stirring emotion.",Emotion,2022-09-15 20:00:00,Adele Concert Goer,Instagram, #Emotion #AdeleConcert ,40,80,USA,2022,9,15,20
"Dancing under the stars at Beyoncé's live show, feeling the power of 'Single Ladies' in every move.",Energy,2019-07-28 21:30:00,Beyonce Dancer,Twitter, #Energy #BeyonceConcert ,35,70,USA,2019,7,28,21
"In the crowd of a Taylor Swift concert, the lyrics of 'Love Story' create an enchanting fairy tale.",Enchantment,2021-05-10 19:45:00,Swiftie Dreamer,Facebook, #Enchantment #TaylorSwift ,30,60,USA,2021,5,10,19
"Rocking out to the guitar solos at a Queen tribute concert, a journey back in time with Freddie's spirit.",Nostalgia,2018-12-02 22:15:00,Queen Tribute Fan,Instagram, #Nostalgia #QueenTribute ,22,45,UK,2018,12,2,22
"Swaying to Ed Sheeran's acoustic melodies, a serene evening filled with 'Perfect' moments.",Serenity,2020-08-18 19:00:00,Sheeran Melody Lover,Twitter, #Serenity #EdSheeranConcert ,18,35,UK,2020,8,18,19
"Immersed in the pulsating beats of a Bruno Mars concert, where 'Uptown Funk' becomes a city of joy.",Joy,2017-03-28 20:30:00,Mars Joy Explorer,Facebook, #Joy #BrunoMars ,28,55,USA,2017,3,28,20
"At a Michael Jackson tribute show, moonwalking through the hits, a celebration of the King of Pop.",Celebration,2022-01-15 21:15:00,MJTribute Dancer,Instagram, #Celebration #MJTribute ,25,50,USA,2022,1,15,21
"Swinging to the rhythms of a Frank Sinatra tribute, feeling the timeless charm of 'Fly Me to the Moon'.",Charm,2019-06-10 18:45:00,Sinatra Charm Listener,Twitter, #Charm #SinatraTribute ,22,45,USA,2019,6,10,18
"In the mosh pit of a Metallica concert, the thunderous chords create a symphony of headbanging ecstasy.",Ecstasy,2023-03-20 22:30:00,Metallica Mosh Warrior,Facebook, #Ecstasy #MetallicaConcert ,35,70,USA,2023,3,20,22
"Experiencing the magic of a Coldplay concert, where 'Fix You' becomes a beacon of hope in the night.",Hope,2016-11-28 19:00:00,Coldplay Hope Seeker,Instagram, #Hope #ColdplayMagic ,30,60,UK,2016,11,28,19
"At a Justin Bieber concert, the infectious beats of 'Baby' create a dance floor of unbridled enthusiasm.",Enthusiasm,2018-08-05 20:00:00,Bieber Dance Enthusiast,Instagram, #Enthusiasm #JustinBieber ,40,80,CANADA,2018,8,5,20
"In the spotlight at a Lady Gaga show, each costume change is a metamorphosis of creativity and artistry.",Creativity,2021-04-15 21:30:00,Gaga Artistic Chameleon,Twitter, #Creativity #LadyGaga ,35,70,USA,2021,4,15,21
"Immersed in the soulful melodies of Adele, tears flow freely, moved by the emotion of 'Hello'.",Emotion,2019-11-28 19:45:00,Adele Melody Tearjerker,Facebook, #Emotion #AdeleMelodies ,30,60,UK,2019,11,28,19
"Drenched in confetti at a Katy Perry concert, a kaleidoscope of colors igniting the night sky.",Colorful,2020-06-22 22:00:00,Katy Perry Color Explosion,Instagram, #Colorful #KatyPerry ,22,45,USA,2020,6,22,22
"In the audience of a Jay-Z performance, the lyrics of 'Empire State of Mind' become an anthem of pride.",Pride,2017-09-10 20:15:00,Jay ZEmpire Listener,Twitter, #Pride #JayZAnthem ,18,35,USA,2017,9,10,20
"Dancing to Shakira's rhythmic beats, hips swaying to the hypnotic charm of 'Hips Don't Lie'.",Hypnotic,2022-02-28 21:15:00,Shakira Hips Dancer,Facebook, #Hypnotic #ShakiraRhythms ,28,55,COLOMBIA,2022,2,28,21
"At a U2 concert, the anthemic chords of 'With or Without You' create a timeless moment of connection.",Connection,2016-05-15 19:30:00,U 2 Connection Seeker,Instagram, #Connection #U2Anthem ,25,50,IRELAND,2016,5,15,19
"Rocking out at a Guns N' Roses show, the iconic riffs of 'Sweet Child o' Mine' echoing in the night.",Iconic,2018-12-10 22:30:00,Guns NRoses Riff Rockstar,Twitter, #Iconic #GNRConcert ,22,45,USA,2018,12,10,22
"In the crowd of an Ariana Grande concert, the high notes of 'Into You' create a euphoric symphony.",Euphoria,2023-01-22 20:00:00,Ariana Euphoria Chaser,Facebook, #Euphoria #ArianaGrande ,35,70,USA,2023,1,22,20
"Swaying to the reggae vibes of Bob Marley's tribute concert, each chord a journey to Jamaica's soul.",Journey,2020-03-05 18:45:00,Marley Reggae Traveler,Instagram, #Journey #BobMarleyTribute ,30,60,JAMAICA,2020,3,5,18
"Captivated by the spellbinding plot twists, the audience applauds, experiencing a rollercoaster of emotions at the movie premiere.",Excitement,2018-10-12 20:00:00,Movie Enthusiast Premiere Attendee,Twitter, #Excitement #MoviePremiereThrills ,40,80,USA,2018,10,12,20
"As the credits roll, a profound sense of nostalgia washes over, reminiscent of cherished moments in classic films.",Nostalgia,2019-06-25 22:15:00,Film Lover Nostalgia Seeker,Instagram, #Nostalgia #ClassicFilmMoments ,35,70,UK,2019,6,25,22
"Streaming the latest web series, the viewer is engrossed in the characters' journey, feeling a sense of connection and empathy.",Engagement,2020-07-08 19:30:00,Web Series Viewer Character Connection,Facebook, #Engagement #WebSeriesJourney ,30,60,CANADA,2020,7,8,19
"At the film festival, the indie filmmaker's creation receives a standing ovation, evoking pride and a sense of accomplishment.",Pride,2017-09-18 21:45:00,Indie Filmmaker Festival Success,Twitter, #Pride #IndieFilmSuccess ,22,45,AUSTRALIA,2017,9,18,21
"Watching a heartwarming family drama, tears flow freely as the characters overcome challenges, leaving the viewer with a warm glow.",Touched,2021-01-15 18:00:00,Drama Enthusiast Heartwarming Moments,Instagram, #Touched #FamilyDramaMoments ,28,55,INDIA,2021,1,15,18
"At the Oscars, the actor graciously accepts an award, radiating joy and gratitude for the recognition of their outstanding performance.",Gratitude,2016-02-28 20:30:00,Award Winning Actor Oscars Recipient,Facebook, #Gratitude #OscarWinningMoment ,18,35,USA,2016,2,28,20
"Discovering a hidden gem in the world of documentaries, the viewer is enlightened and inspired, feeling a renewed sense of curiosity.",Inspiration,2022-04-20 17:30:00,Documentary Enthusiast Hidden Gem Finder,Twitter, #Inspiration #HiddenGemDiscovery ,22,45,FRANCE,2022,4,20,17
"As the movie credits roll, the viewer experiences a mix of awe and contemplation, pondering the deeper meanings woven into the storyline.",Contemplation,2019-11-05 21:15:00,Film Buff Contemplative Viewer,Instagram, #Contemplation #DeepMeanings ,28,55,GERMANY,2019,11,5,21
"Binge-watching a thrilling crime series, the suspense keeps the viewer on the edge of their seat, creating a rush of adrenaline.",Suspense,2015-07-12 22:00:00,Crime Series Enthusiast Thrill Seeker,Facebook, #Suspense #CrimeSeriesThrills ,35,70,JAPAN,2015,7,12,22
"As the closing scene unfolds, a sense of satisfaction washes over, completing the cinematic journey with a profound and fulfilling ending.",Satisfaction,2020-09-10 19:45:00,Film Critic Satisfaction Seeker,Twitter, #Satisfaction #FulfillingEnding ,22,45,BRAZIL,2020,9,10,19
"Celebrating a historic victory in the World Cup, the nation erupts in joy, united by the triumph of their football team.",Joy,2018-07-15 21:30:00,Football Fan World Cup Celebration,Instagram, #Joy #WorldCupTriumph ,40,80,BRAZIL,2018,7,15,21
"At the Olympics, the athlete's perseverance shines through, earning a gold medal and inspiring a generation with their remarkable achievement.",Inspiration,2020-08-08 19:45:00,Olympics Enthusiast Gold Medal Winner,Twitter, #Inspiration #OlympicAchievement ,35,70,USA,2020,8,8,19
"In the cricket championship, a nail-biting finish leaves fans on the edge of their seats, experiencing a rollercoaster of emotions.",Excitement,2019-06-25 22:15:00,Cricket Fan Championship Thrills,Facebook, #Excitement #CricketChampionship ,30,60,INDIA,2019,6,25,22
"Witnessing a record-breaking marathon, spectators are filled with awe and admiration for the endurance and dedication of the runners.",Admiration,2021-11-07 17:30:00,Marathon Spectator Record Breaking,Instagram, #Admiration #MarathonRecords ,22,45,KENYA,2021,11,7,17
"In the tennis grand slam, a fierce rivalry unfolds, captivating fans with a display of skill and sportsmanship on the world stage.",Captivation,2017-09-10 20:15:00,Tennis Enthusiast Grand Slam Drama,Twitter, #Captivation #TennisRivalry ,28,55,UK,2017,9,10,20
"Cheering for the underdog in the basketball finals, the crowd erupts in applause as the team defies odds to claim the championship title.",Triumph,2022-06-20 21:00:00,Basketball Fan Underdog Triumph,Facebook, #Triumph #BasketballFinals ,18,35,USA,2022,6,20,21
"At the golf tournament, the golfer's precision and focus lead to a stunning victory, leaving spectators in awe of their exceptional skill.",Awe,2016-04-10 18:30:00,Golf Enthusiast Precision Victory,Instagram, #Awe #GolfVictory ,22,45,SCOTLAND,2016,4,10,18
"Experiencing the thrill of a high-speed Formula 1 race, fans are on the edge of their seats as drivers compete for the championship.",Thrill,2019-11-24 19:45:00,F 1 Fan High Speed Race Excitement,Twitter, #Thrill #Formula1Championship ,28,55,GERMANY,2019,11,24,19
"In the cycling world championship, the climber conquers challenging terrains, symbolizing determination and achievement against all odds.",Determination,2015-09-28 22:30:00,Cycling Enthusiast World Champion,Facebook, #Determination #CyclingChampion ,35,70,ITALY,2015,9,28,22
"Witnessing a heartwarming comeback in the hockey finals, fans share tears of joy as the team secures a historic victory after adversity.",Heartwarming,2020-12-12 20:00:00,Hockey Fan Comeback Victory,Instagram, #Heartwarming #HockeyFinalsComeback ,22,45,CANADA,2020,12,12,20
"After a series of defeats, the soccer team faces disappointment, struggling to find the silver lining in a challenging season.",Disappointment,2019-11-02 18:45:00,Soccer Fan Team Defeats,Twitter, #Disappointment #SoccerDefeats ,40,80,BRAZIL,2019,11,2,18
"In the tennis tournament, a highly anticipated player experiences a setback, leaving fans in shock and questioning the unforeseen turn of events.",Frustration,2018-07-10 21:15:00,Tennis Enthusiast Unexpected Setback,Instagram, #Frustration #TennisSetback ,35,70,USA,2018,7,10,21
"Facing a defeat in the championship, the boxer reflects on the challenges, vowing to return stronger and more determined in the next bout.",Reflection,2020-09-18 19:30:00,Boxing Fan Championship Defeat,Facebook, #Reflection #BoxingDefeat ,30,60,UK,2020,9,18,19
"In the midst of a cycling race, a tire blowout leads to frustration for the cyclist, who valiantly tries to overcome the unexpected obstacle.",Obstacle,2017-05-15 22:00:00,Cycling Enthusiast Tire Blowout,Twitter, #Obstacle #CyclingFrustration ,22,45,FRANCE,2017,5,15,22
"The gymnast's unexpected fall during a routine sparks a wave of sympathy from the audience, highlighting the vulnerability of sports.",Sympathy,2021-04-05 20:15:00,Gymnastics Fan Routine Fall,Instagram, #Sympathy #GymnasticsFall ,28,55,JAPAN,2021,4,5,20
"In the golf tournament, a missed crucial putt results in defeat, causing the golfer to reflect on the pressure of high-stakes competition.",Pressure,2016-08-20 18:30:00,Golf Enthusiast Missed Putt,Facebook, #Pressure #GolfDefeat ,18,35,USA,2016,8,20,18
"Experiencing a series of losses in the basketball season, the team grapples with frustration, determined to turn the tide with renewed effort.",Renewed Effort,2019-02-12 19:45:00,Basketball Fan Team Losses,Twitter, #RenewedEffort #BasketballStruggles ,22,45,CANADA,2019,2,12,19
"Despite meticulous training, the swimmer faces disappointment as a split-second miscalculation costs them the lead in a crucial race.",Miscalculation,2015-06-28 20:00:00,Swimming Enthusiast Race Setback,Instagram, #Miscalculation #SwimmingDisappointment ,28,55,AUSTRALIA,2015,6,28,20
"The weightlifter's failed attempt at a personal record results in frustration, highlighting the challenging nature of pushing physical limits.",Challenge,2022-01-08 21:30:00,Weightlifting Fan Failed Record,Facebook, #Challenge #WeightliftingFailure ,35,70,GERMANY,2022,1,8,21
"In the midst of a soccer match, an unexpected own goal creates a moment of despair for the player, as teammates console and encourage them.",Despair,2018-12-15 20:15:00,Soccer Player Own Goal Moment,Twitter, #Despair #OwnGoal ,22,45,SPAIN,2018,12,15,20
"In the serene beauty of a sunset, nature unfolds a canvas of colors, evoking a sense of tranquility and wonder.",Tranquility,2021-07-10 19:00:00,Nature Enthusiast Sunset Wonder,Instagram, #Tranquility #SunsetBeauty ,40,80,CANADA,2021,7,10,19
"Embarking on a spontaneous road trip, the traveler discovers hidden gems, creating memories that will be cherished for a lifetime.",Adventure,2019-09-28 20:30:00,Travel Enthusiast Road Trip Discovery,Twitter, #Adventure #RoadTripMemories ,35,70,USA,2019,9,28,20
"Amidst the bustling city, a quiet café becomes a sanctuary for reflection, where a cup of coffee brings solace to the wandering mind.",Solace,2022-03-15 18:45:00,Urban Explorer Cafe Solitude,Facebook, #Solace #CafeReflection ,30,60,FRANCE,2022,3,15,18
"Exploring the vibrant street art of a cultural neighborhood, each mural tells a story, infusing the city with creativity and expression.",Creativity,2017-11-05 21:15:00,Art Enthusiast Street Art Exploration,Instagram, #Creativity #StreetArtVibes ,22,45,BRAZIL,2017,11,5,21
"In the world of science, a breakthrough discovery unfolds, pushing the boundaries of knowledge and opening new frontiers of exploration.",Breakthrough,2020-05-20 16:30:00,Science Enthusiast Discovery Moment,Twitter, #Breakthrough #ScientificDiscovery ,28,55,GERMANY,2020,5,20,16
"Connecting with the melody of a live orchestra, the music enthusiast experiences a symphony that resonates deep within the soul.",Harmony,2016-08-22 19:45:00,Music Lover Live Orchestra Experience,Facebook, #Harmony #OrchestraMelody ,18,35,UK,2016,8,22,19
"Embracing the aroma of freshly baked bread, the home chef finds joy in the art of baking, creating delicious memories for loved ones.",Joy In Baking,2023-04-10 17:15:00,Home Baker Delicious Memories,Instagram, #JoyInBaking #HomemadeDelights ,22,45,INDIA,2023,4,10,17
"Wandering through a historical museum, the history enthusiast becomes immersed in the tales of the past, envisioning bygone eras.",Envisioning History,2015-12-18 18:00:00,History Buff Museum Exploration,Twitter, #EnvisioningHistory #MuseumTales ,28,55,ITALY,2015,12,18,18
"In the realm of literature, a captivating novel transports the reader to distant lands, weaving a tapestry of imagination and escape.",Imagination,2021-10-08 20:30:00,Bookworm Captivating Novel Escape,Facebook, #Imagination #LiteraryEscape ,35,70,JAPAN,2021,10,8,20
"Capturing the essence of a bustling market, the photographer freezes moments in time, each frame telling a unique and vibrant story.",Vibrancy,2019-03-22 21:45:00,Photography Enthusiast Market Moments,Instagram, #Vibrancy #MarketStories ,22,45,AUSTRALIA,2019,3,22,21
"Underneath the city lights, the dancer expresses emotions through graceful movements, creating a mesmerizing performance under the night sky.",Mesmerizing,2018-06-15 22:00:00,Dance Enthusiast City Night Performance,Twitter, #Mesmerizing #NightDancePerformance ,40,80,USA,2018,6,15,22
"In the heart of a bustling market, the street food connoisseur indulges in a culinary adventure, savoring diverse flavors and aromas.",Culinary Adventure,2019-08-28 19:30:00,Foodie Market Street Food Exploration,Instagram, #CulinaryAdventure #StreetFoodDelights ,35,70,THAILAND,2019,8,28,19
"As the first snowflake descends, the winter enthusiast eagerly prepares for a season of frosty delights, anticipating the magic of snow-covered landscapes.",Winter Magic,2022-12-01 17:45:00,Snow Lover Winter Enthusiast,Facebook, #WinterMagic #SnowyLandscapes ,30,60,CANADA,2022,12,1,17
"Amidst the pages of a captivating mystery novel, the reader unravels clues and secrets, experiencing a thrilling journey of suspense and revelation.",Thrilling Journey,2017-04-10 21:15:00,Mystery Bookworm Suspenseful Read,Twitter, #ThrillingJourney #MysteryNovel ,22,45,UK,2017,4,10,21
"Surrounded by the vibrant colors of a flower garden, the gardener nurtures blossoms, finding joy in the beauty of nature's ever-changing canvas.",Nature'S Beauty,2020-05-15 18:30:00,Gardening Enthusiast Flower Garden,Instagram, #NaturesBeauty #FloralJoy ,28,55,AUSTRALIA,2020,5,15,18
"At the astronomy observatory, the stargazer marvels at the vastness of the cosmos, contemplating the mysteries hidden within the celestial expanse.",Celestial Wonder,2016-09-22 20:00:00,Astronomy Enthusiast Stargazing,Facebook, #CelestialWonder #Stargazing ,18,35,USA,2016,9,22,20
"Engulfed in the aroma of freshly brewed coffee, the writer finds inspiration in every sip, embarking on a journey of creativity and prose.",Creative Inspiration,2023-02-12 19:45:00,Coffee Lover Writers Retreat,Twitter, #CreativeInspiration #CoffeeJourney ,22,45,FRANCE,2023,2,12,19
"In the realm of fashion, the designer unveils a collection that tells a story, blending innovation and tradition on the runway of creativity.",Runway Creativity,2015-11-10 21:00:00,Fashion Enthusiast Designer Showcase,Instagram, #RunwayCreativity #FashionInnovation ,28,55,ITALY,2015,11,10,21
"As the waves crash against the shore, the surfer embraces the thrill of riding the ocean's energy, capturing the essence of freedom in each wave.",Ocean'S Freedom,2021-07-20 18:15:00,Surfing Enthusiast Wave Rider,Facebook, #OceansFreedom #SurfingThrills ,22,45,BRAZIL,2021,7,20,18
"Exploring the historical architecture of an ancient city, the traveler is transported to a bygone era, where each monument whispers tales of the past.",Whispers Of The Past,2019-04-18 20:30:00,History Explorer Ancient City Tour,Twitter, #WhispersOfThePast #HistoricalTour ,35,70,GREECE,2019,4,18,20
Successfully avoided eye contact with my crush in the hallway. Mission accomplished. #TeenCrush #StealthMode,Excitement,2023-05-20 19:45:00,Crush Avoider,Twitter, #CrushStruggles #AvoidingEyeContact ,15,30,USA,2023,5,20,19
Ran out of snacks during a movie marathon. Crisis level: Emergency! #MovieNightStruggles #TeenProblems,Boredom,2023-05-21 21:00:00,Movie Buff,Instagram, #SnackCrisis #TeenLife ,18,35,CANADA,2023,5,21,21
Spent an hour choosing the perfect filter for a selfie. The struggle for that Instagram aesthetic is real. #SelfieQueen #TeenVibes,Joy,2023-05-22 14:30:00,Selfie Addict,Facebook, #SelfieStruggle #TeenConfessions ,22,45,UK,2023,5,22,14
Lost my headphones again. How do they vanish into thin air? #HeadphoneMystery #TeenLife,Frustration,2023-05-23 16:45:00,Audio Explorer,Twitter, #TeenProblems #LostHeadphones ,20,40,USA,2023,5,23,16
Decided to study for exams but ended up making memes about studying instead. Procrastination level: Expert. #ProcrastinationNation #TeenConfessions,Surprise,2023-05-24 13:15:00,Meme Creator,Instagram, #StudyingMemes #TeenLife ,25,50,CANADA,2023,5,24,13
"Got dressed for the day, then remembered it's Saturday. Oops. #WeekendVibes #TeenStruggles",Indifference,2023-05-25 19:00:00,Fashion Blunder,Facebook, #WeekendOops #TeenFashion ,20,40,USA,2023,5,25,19
Survived a group project without any drama. Miracles do happen. #GroupProjectSuccess #TeenAchievements,Satisfaction,2023-05-26 14:20:00,Group Genius,Twitter, #TeenSuccess #ProjectMiracle ,28,55,UK,2023,5,26,14
"Entered the kitchen with the intention to cook. Left with a bag of chips. Cooking is overrated, anyway. #MasterChefInTraining #TeenHumor",Disgust,2023-05-27 21:15:00,Chip Explorer,Instagram, #TeenChef #CookingFail ,22,45,CANADA,2023,5,27,21
"Staring at the clock in class, waiting for the bell to ring like it's the most exciting event of the day. #ClassCountdown #TeenLife",Surprise,2023-05-28 12:00:00,Excitement Seeker,Facebook, #ClassEvent #TeenExcitement ,18,35,USA,2023,5,28,12
"Discovered a new book series and spent the whole night reading. Who needs sleep, anyway? #BookwormLife #LateNightReading",Joy,2023-05-29 23:30:00,Night Reader,Twitter, #BookDiscoveries #TeenReading ,30,60,UK,2023,5,29,23
"Bought a new video game, played for hours, forgot to eat. The ultimate gaming session. #GamerLife #NoFoodGaming",Excitement,2023-05-30 20:45:00,Gaming Enthusiast,Instagram, #GameOn #TeenGamer ,22,45,USA,2023,5,30,20
Spent the day binge-watching a new series. Productivity level: Zero. #LazyDay #TVSeriesMarathon,Joy,2023-05-31 15:30:00,Lazy Watcher,Facebook, #BingeWatchDay #TeenLife ,35,70,CANADA,2023,5,31,15
Caught up on the latest fashion trends and now planning a shopping spree. #Fashionista #TrendyTeen,Excitement,2023-06-01 18:00:00,Trend Explorer,Twitter, #FashionGoals #TeenStyle ,20,40,USA,2023,6,1,18
Decided to learn a new instrument. Day one: Still trying to figure out how to hold it. #MusicNovice #LearningJourney,Frustration,2023-06-02 14:30:00,Musical Explorer,Instagram, #InstrumentLearning #TeenMusic ,28,55,UK,2023,6,2,14
Spent hours creating the perfect playlist for every mood. Music is my therapy. #PlaylistMaker #TeenMusicLover,Joy,2023-06-03 21:15:00,Music Aficionado,Facebook, #MusicTherapy #TeenPlaylist ,22,45,CANADA,2023,6,3,21
Successfully cooked a gourmet meal for the family. Chef skills unlocked! #ChefMode #TeenChef,Pride,2023-06-04 19:30:00,Home Chef,Twitter, #CookingSuccess #TeenCook ,25,50,USA,2023,6,4,19
Spontaneously booked a weekend getaway. Adventure awaits! #TravelBug #WeekendEscape,Excitement,2023-06-05 10:00:00,Adventure Seeker,Instagram, #GetawayGoals #TeenTravel ,18,35,UK,2023,6,5,10
Attended a concert and danced the night away. Music is the heartbeat of life. #ConcertVibes #DanceAllNight,Joy,2023-06-06 22:30:00,Dance Enthusiast,Facebook, #MusicMagic #TeenConcert ,28,55,CANADA,2023,6,6,22
Rediscovered childhood cartoons and had a nostalgia-filled marathon. #CartoonNostalgia #TeenMemories,Joy,2023-06-07 12:45:00,Nostalgia Explorer,Twitter, #ChildhoodMemories #TeenCartoons ,22,45,USA,2023,6,7,12
Embarked on a DIY home decor project. Let's hope it turns out better than last time. #DIYAdventure #TeenHomeDecor,Excitement,2023-06-08 16:00:00,Home Decorator,Instagram, #DIYGoals #TeenCreative ,35,70,UK,2023,6,8,16
"Spent the afternoon at a museum, pretending to be cultured. Art enthusiast in the making. #MuseumDay #TeenArtLover",Curiosity,2023-06-09 14:00:00,Art Explorer,Facebook, #CulturalDay #TeenCuriosity ,20,40,USA,2023,6,9,14
Started a blog about random thoughts and musings. Blogging is the new diary. #BloggerLife #TeenBlogger,Curiosity,2023-06-10 17:30:00,Thoughtful Blogger,Twitter, #BloggingJourney #TeenThoughts ,30,60,CANADA,2023,6,10,17
Relishing a peaceful afternoon with a classic novel. Quiet moments are the best moments. #BookLover #PeacefulAfternoon,Contentment,2023-06-11 15:30:00,Novel Enthusiast,Instagram, #QuietMoments #BookishEscape ,35,70,USA,2023,6,11,15
"Reflecting on a lifetime of memories, each wrinkle tells a story. Embracing the beauty of aging. #LifeReflections #BeautyInAging",Gratitude,2023-06-12 18:00:00,Wise Soul,Twitter, #AgingGracefully #Memories ,28,55,UK,2023,6,12,18
Exploring the world of digital art. It's never too late to discover new passions. #DigitalArtistry #LateBloomer,Curiosity,2023-06-13 14:45:00,Art Adventurer,Facebook, #ArtDiscovery #SeniorArtist ,22,45,CANADA,2023,6,13,14
Savoring the flavors of a home-cooked meal. Simple joys are the heart of happiness. #HomeCooking #SimpleJoys,Contentment,2023-06-14 19:30:00,Home Chef Senior,Instagram, #HappinessInFood #SeniorLife ,25,50,USA,2023,6,14,19
Embarking on a journey of learning a new language. The mind stays young with every new word. #LanguageLearning #NeverTooLate,Curiosity,2023-06-15 12:15:00,Linguistic Explorer,Twitter, #MindEnrichment #SeniorLearning ,30,60,UK,2023,6,15,12
"Attended a classical music concert, feeling the timeless melodies resonate. Music transcends generations. #ClassicalMusic #TimelessMelodies",Joy,2023-06-16 21:45:00,Music Connoisseur,Facebook, #MusicLover #SeniorConcert ,18,35,CANADA,2023,6,16,21
Capturing the beauty of nature through photography. Every snapshot is a treasure. #NaturePhotography #SeniorPhotographer,Joy,2023-06-17 15:00:00,Photography Senior,Instagram, #NatureCapture #SeniorMoments ,35,70,USA,2023,6,17,15
"Reconnecting with old friends over a cup of tea. Friendship, the true essence of companionship. #OldFriends #Companionship",Contentment,2023-06-18 11:30:00,Tea Time Senior,Twitter, #FriendshipGoals #SeniorBonding ,28,55,UK,2023,6,18,11
"Embarked on a road trip to revisit cherished places from the past. Nostalgia, the ultimate travel companion. #RoadTrip #NostalgiaTour",Joy,2023-06-19 16:30:00,Road Trip Senior,Facebook, #CherishedPlaces #SeniorTravel ,22,45,CANADA,2023,6,19,16
"Joined a community choir, harmonizing with fellow voices. Music creates bonds that withstand time. #CommunityChoir #HarmonyInAging",Joy,2023-06-20 14:20:00,Choir Enthusiast,Instagram, #MusicHarmony #SeniorVoices ,20,40,USA,2023,6,20,14
"Exploring the art of meditation, finding tranquility in the stillness of the mind. #MeditationJourney #TranquilMind",Contentment,2023-06-21 19:00:00,Meditation Senior,Twitter, #MindfulLiving #SeniorCalm ,18,35,UK,2023,6,21,19
"Taking a stroll in the garden, appreciating the beauty of blooming flowers. Nature's wonders never cease. #GardenWalk #FloralBeauty",Contentment,2023-06-22 13:45:00,Garden Enthusiast,Facebook, #NatureWonders #SeniorGarden ,25,50,USA,2023,6,22,13
"Sipping on a favorite vintage wine, each sip telling a story of the years gone by. Cheers to a life well-lived. #WineLover #VintageCheers",Contentment,2023-06-23 18:45:00,Wine Connoisseur,Instagram, #LifeWellLived #SeniorWine ,28,55,UK,2023,6,23,18
"Participated in a community art class, unleashing creativity in the golden years. Art has no age limit. #ArtClass #SeniorArtistry",Joy,2023-06-24 16:15:00,Artistic Senior,Twitter, #CreativityAtAnyAge #SeniorCreativity ,22,45,CANADA,2023,6,24,16
"Embarking on a journey of writing a memoir, documenting a lifetime of experiences. Every story matters. #MemoirWriting #SeniorStories",Gratitude,2023-06-25 20:30:00,Memoirist Senior,Facebook, #LifetimeExperiences #SeniorMemoir ,35,70,USA,2023,6,25,20
"Attended a lecture on history, always fascinated by the lessons from the past. Learning is a lifelong adventure. #HistoryLecture #SeniorLearning",Curiosity,2023-06-26 14:00:00,History Enthusiast,Instagram, #LifetimeAdventure #SeniorCuriosity ,30,60,UK,2023,6,26,14
"Rediscovered the joy of cooking traditional family recipes. The kitchen, a place of cherished memories. #FamilyRecipes #SeniorCooking",Contentment,2023-06-27 17:45:00,Family Chef Senior,Twitter, #KitchenMemories #SeniorCulinary ,20,40,USA,2023,6,27,17
"Joined a nature photography club, capturing the beauty of the great outdoors. Every click is a connection to nature. #NaturePhotography #SeniorPhotographer",Joy,2023-06-28 22:15:00,Nature Photography Senior,Facebook, #OutdoorBeauty #SeniorClicks ,18,35,UK,2023,6,28,22
"Attended a jazz concert and swayed to the rhythm of timeless tunes. Music, a constant companion in the golden years. #JazzConcert #SeniorMusic",Joy,2023-06-29 16:30:00,Jazz Music Lover,Instagram, #TimelessTunes #SeniorJazz ,25,50,USA,2023,6,29,16
"Joined a writing group, penning down thoughts and reflections. Writing, a journey into the depths of the soul. #WritingGroup #SeniorWriter",Gratitude,2023-06-30 19:30:00,Senior Wordsmith,Twitter, #SoulfulWriting #SeniorReflections ,28,55,UK,2023,6,30,19
"Embarked on a solo travel adventure, discovering the beauty of new places at my own pace. #SoloTravel #SeniorExplorer",Excitement,2023-07-01 14:00:00,Solo Adventurer,Instagram, #DiscoverNewPlaces #SeniorTravel ,30,60,USA,2023,7,1,14
"Attended a vintage car show, reminiscing about the classics that once ruled the roads. Nostalgia in every rev. #VintageCars #ClassicRides",Joy,2023-07-02 18:30:00,Car Enthusiast Senior,Facebook, #RoadTripDownMemoryLane #SeniorCars ,22,45,UK,2023,7,2,18
"Started a community garden, growing not just plants but friendships too. Green thumbs unite! #CommunityGarden #SeniorGardener",Joy,2023-07-03 12:45:00,Green Thumb Senior,Twitter, #GardenFriends #SeniorGreenThumb ,28,55,CANADA,2023,7,3,12
"Hosted a family dinner, where laughter echoed louder than the clinking of utensils. Family, the heart of happiness. #FamilyDinner #SeniorHost",Contentment,2023-07-04 17:00:00,Family Host Senior,Instagram, #HeartwarmingMoments #SeniorFamily ,35,70,USA,2023,7,4,17
"Enrolled in a dance class for seniors, moving to the rhythm of life. Age is just a number on the dance floor. #DanceClass #SeniorDancer",Joy,2023-07-05 20:15:00,Dance Enthusiast Senior,Twitter, #DanceLife #SeniorMoves ,18,35,UK,2023,7,5,20
"Visited an art gallery, appreciating the brushstrokes that tell tales of creativity. Art, an eternal companion. #ArtGallery #SeniorArtLover",Joy,2023-07-06 14:30:00,Art Gallery Visitor,Facebook, #CreativeExpressions #SeniorArt ,25,50,USA,2023,7,6,14
"Started a book club for seniors, where discussions are as lively as the characters in the novels. #BookClub #SeniorReaders",Joy,2023-07-07 19:45:00,Senior Book Club,Instagram, #BookishTalks #SeniorBookworms ,22,45,UK,2023,7,7,19
"Hosted a picnic in the park, basking in the warmth of friendship and sunshine. Simple joys, timeless memories. #ParkPicnic #SeniorJoy",Contentment,2023-07-08 16:00:00,Senior Picnic Host,Twitter, #FriendshipSunshine #SeniorMemories ,30,60,CANADA,2023,7,8,16
"Participated in a local theater production, proving that the stage belongs to every age. #TheaterProduction #SeniorActor",Joy,2023-07-09 22:30:00,Senior Actor,Facebook, #StagePassion #SeniorTheater ,20,40,USA,2023,7,9,22
"Embarked on a hiking adventure, conquering trails and relishing the beauty of nature. Age is just a number on the mountaintop. #HikingAdventure #SeniorHiker",Excitement,2023-07-10 14:20:00,Senior Hiker Explorer,Instagram, #NatureTrailBlazer #SeniorExplorer ,28,55,UK,2023,7,10,14
Hosted a photography exhibition featuring snapshots of a life well-lived. Every photo has a story to tell. #PhotographyExhibition #SeniorPhotographer,Gratitude,2023-07-11 18:45:00,Senior Photographer Exhibitor,Twitter, #LifeInPictures #SeniorExhibition ,22,45,CANADA,2023,7,11,18
"Joined a seniors' cycling club, feeling the wind in my hair and the freedom of the open road. #CyclingClub #SeniorCyclist",Excitement,2023-07-12 13:45:00,Senior Cycling Enthusiast,Facebook, #OpenRoadAdventures #SeniorCycling ,25,50,USA,2023,7,12,13
"Attended a wine tasting event, savoring the richness of flavors that age like fine wine. Cheers to the golden years! #WineTasting #SeniorWineLover",Joy,2023-07-13 20:00:00,Senior Wine Connoisseur,Instagram, #AgedToPerfection #SeniorCheers ,35,70,UK,2023,7,13,20
"Started learning ballroom dancing, gliding gracefully across the dance floor. Ageless elegance in every step. #BallroomDancing #SeniorDancer",Joy,2023-07-14 16:15:00,Senior Ballroom Dancer,Twitter, #GracefulMoves #SeniorDance ,20,40,USA,2023,7,14,16
"Organized a community painting event, turning blank canvases into a masterpiece of shared creativity. #PaintingEvent #SeniorArtist",Joy,2023-07-15 19:30:00,Senior Painting Organizer,Facebook, #CommunityArt #SeniorCreativity ,28,55,CANADA,2023,7,15,19
"Hosted a 'memory lane' evening with old friends, reminiscing about the adventures that shaped our lives. #MemoryLane #SeniorReminiscing",Gratitude,2023-07-16 14:00:00,Senior Memories Host,Instagram, #FriendshipAdventures #SeniorNostalgia ,30,60,USA,2023,7,16,14
"Joined a seniors' astronomy club, stargazing and finding wonder in the vastness of the cosmos. #AstronomyClub #SeniorStargazer",Curiosity,2023-07-17 22:15:00,Senior Stargazer,Twitter, #CelestialWonders #SeniorAstronomy ,18,35,UK,2023,7,17,22
"Attended a local jazz festival, tapping toes to the tunes that have stood the test of time. Music, a lifelong love affair. #JazzFestival #SeniorMusicLover",Joy,2023-07-18 16:30:00,Senior Jazz Festival Goer,Facebook, #TimelessTunes #SeniorJazz ,25,50,USA,2023,7,18,16
"Started a blog sharing the wisdom gained through the years, proving that every day is a chance to learn and grow. #SeniorWisdom #Blog",Gratitude,2023-07-19 19:45:00,Wisdom Blogger Senior,Instagram, #LifeLessons #SeniorBlog ,22,45,UK,2023,7,19,19
"Participated in a charity run, proving that age is no barrier to supporting meaningful causes. #CharityRun #SeniorRunner",Excitement,2023-07-20 17:00:00,Senior Charity Runner,Twitter, #RunForACause #SeniorSupport ,30,60,CANADA,2023,7,20,17
"Survived a challenging physics exam. Equations, you won't defeat me!",Relief,2023-08-01 13:30:00,Physics Whiz High School,Instagram, #PhysicsSurvivor #HighSchoolAdventures ,20,40,USA,2023,8,1,13
Exploring the world of coding. Debugging is an adventure on its own! #CodingJourney #HighSchoolCoder,Excitement,2023-08-02 14:45:00,Code Explorer High School,Twitter, #CodingAdventure #HighSchoolCoderLife ,25,50,UK,2023,8,2,14
"Joined the school debate team. Words are my weapons, and I'm ready for battle!",Excitement,2023-08-03 12:15:00,Debate Warrior High School,Facebook, #DebateWarrior #HighSchoolDebater ,18,35,CANADA,2023,8,3,12
"Started a photography club at school. Capturing moments, one snapshot at a time!",Joy,2023-08-04 16:30:00,Photo Club High School,Instagram, #PhotographyClub #HighSchoolPhotographer ,22,45,USA,2023,8,4,16
"Daydreaming about the upcoming prom. The dress, the dance – it's a fairytale in the making!",Excitement,2023-08-05 19:45:00,Prom Dreamer High School,Twitter, #PromDreams #HighSchoolFairytale ,30,60,CANADA,2023,8,5,19
Convinced the teacher to have class outdoors. Learning equations with a side of fresh air!,Positive,2023-08-06 14:00:00,Outdoor Class High School,Facebook, #OutdoorClassroom #HighSchoolExplorer ,28,55,USA,2023,8,6,14
"Accidentally spilled paint in art class. Abstract art, right? #ArtClassAdventures #HighSchoolArtist",Embarrassed,2023-08-07 19:45:00,Paint Spill High School,Instagram, #ArtisticMishaps #HighSchoolArt ,22,45,UK,2023,8,7,19
Trying to master the perfect kickflip on my skateboard. Skating into the weekend like a pro!,Excitement,2023-08-08 16:00:00,Skate Pro High School,Twitter, #SkaterLife #HighSchoolSkater ,30,60,CANADA,2023,8,8,16
Bonding with friends over the latest K-pop sensation. Fangirling at its finest!,Joy,2023-08-09 22:30:00,Kpop Fangirl High School,Facebook, #KpopFangirl #HighSchoolMusic ,20,40,USA,2023,8,9,22
Spent hours perfecting a chemistry experiment. Mixing potions like a wizard!,Joy,2023-08-10 14:20:00,Chemistry Wizard High School,Instagram, #ChemistryWizard #HighSchoolScientist ,28,55,UK,2023,8,10,14
Successfully organized a surprise birthday party for a friend. Party planning expert mode: Achieved!,Joy,2023-08-11 18:45:00,Birthday Party Planner High School,Twitter, #BirthdayParty #HighSchoolCelebration ,22,45,CANADA,2023,8,11,18
"Joined the drama club to unleash my inner actor. Lights, camera, action!",Excitement,2023-08-12 13:45:00,Drama Club Star High School,Facebook, #DramaClubStar #HighSchoolActor ,25,50,USA,2023,8,12,13
Got my hands on the latest fantasy novel. Diving into realms of magic and adventure!,Excitement,2023-08-13 20:00:00,Fantasy Book Nerd High School,Instagram, #FantasyBookNerd #HighSchoolReader ,35,70,UK,2023,8,13,20
Mastering the art of the perfect doodle during boring classes. Doodles: A+!,Joy,2023-08-14 16:15:00,Doodle Master High School,Twitter, #DoodleMaster #HighSchoolArt ,20,40,USA,2023,8,14,16
Attempting to break the school record for the longest handstand. Wish me luck!,Excitement,2023-08-15 19:30:00,Handstand Challenge High School,Facebook, #HandstandChallenge #HighSchoolAthlete ,28,55,CANADA,2023,8,15,19
Sneaking snacks into class like a pro. The art of snack-smuggling is a sacred skill!,Mischievous,2023-08-16 14:00:00,Snack Smuggler High School,Instagram, #SnackSmuggler #HighSchoolSnacks ,30,60,USA,2023,8,16,14
Hosting a sleepover with friends this weekend. Preparing for a night of laughter and memories!,Excitement,2023-08-17 22:15:00,Sleepover Host High School,Twitter, #SleepoverFun #HighSchoolMemories ,18,35,UK,2023,8,17,22
"Spent hours on a TikTok dance, only to realize I have two left feet. Dance fail: Unleashed!",Embarrassed,2023-08-18 16:30:00,Tik Tok Fail High School,Facebook, #DanceFail #HighSchoolTikTok ,25,50,USA,2023,8,18,16
Accidentally liked my crush's old photo while stalking their profile. Awkward level: Maximum!,Embarrassed,2023-08-19 19:45:00,Social Media Blunder High School,Instagram, #SocialMediaBlunder #HighSchoolAwkward ,22,45,UK,2023,8,19,19
Tried to impress my crush with a smooth conversation. Ended up spilling my drink. Smooth level: Nonexistent!,Embarrassed,2023-08-20 17:00:00,Crush Fail High School,Twitter, #CrushFail #HighSchoolEmbarrassment ,30,60,CANADA,2023,8,20,17
Mastered the art of creating paper airplanes during lecture. Paper planes: Soaring to new heights!,Joy,2023-08-21 15:45:00,Paper Plane Expert High School,Instagram, #PaperPlaneExpert #HighSchoolArt ,15,30,USA,2023,8,21,15
Trying to set a new trend by juggling textbooks between classes. Academic juggling: A unique skill!,Excitement,2023-08-22 12:30:00,Juggling Pro High School,Facebook, #TextbookJuggling #HighSchoolSkills ,22,40,CANADA,2023,8,22,12
Hiding a snack stash in my backpack for emergency cravings. Snack ninja mode: Activated!,Mischievous,2023-08-23 16:45:00,Snack Ninja High School,Twitter, #SnackNinja #HighSchoolSnacks ,28,55,USA,2023,8,23,16
Planning a surprise scavenger hunt for friends. Anticipating the thrill and excitement!,Excitement,2023-08-24 18:20:00,Scavenger Hunt Master High School,Instagram, #SurpriseAdventure #HighSchoolFun ,20,38,UK,2023,8,24,18
Danced in the rain to celebrate the end of exams. Rain dance: Unexpectedly refreshing!,Joy,2023-08-25 14:15:00,Rain Dance Celebration High School,Facebook, #RainDance #HighSchoolJoy ,25,50,CANADA,2023,8,25,14
Accidentally sent a text meant for a friend to the class group chat. Texting fail: Oops moment!,Embarrassed,2023-08-26 17:30:00,Group Chat Blunder High School,Twitter, #TextingFail #HighSchoolAwkward ,18,35,USA,2023,8,26,17
Tried a magic trick to impress classmates. Magic fail: Where did that rabbit go?,Embarrassed,2023-08-27 20:45:00,Magic Fail High School,Instagram, #MagicFail #HighSchoolMagic ,22,45,UK,2023,8,27,20
Perfecting the art of creating origami during a dull lecture. Origami mastery: A+!,Joy,2023-08-28 16:00:00,Origami Pro High School,Twitter, #OrigamiMaster #HighSchoolArt ,18,36,USA,2023,8,28,16
Attempting to set a new record for the most consecutive hacky sack kicks. Hacky sack skills: Unleashed!,Excitement,2023-08-29 13:45:00,Hacky Sack Champion High School,Instagram, #HackySackChallenge #HighSchoolAthlete ,26,48,CANADA,2023,8,29,13
Creating a secret handshake with friends. Friendship level: Expert!,Joy,2023-08-30 17:30:00,Secret Handshake High School,Facebook, #FriendshipGoals #HighSchoolMemories ,20,40,USA,2023,8,30,17
Embarking on a mission to find the best burger joint in town. Burger connoisseur: Reporting for duty!,Excitement,2023-08-31 20:15:00,Burger Quest High School,Twitter, #BurgerQuest #HighSchoolFoodie ,24,42,UK,2023,8,31,20
Practicing a stand-up comedy routine for the upcoming talent show. Comedy gig: In the making!,Joy,2023-09-01 14:45:00,Comedy Genius High School,Instagram, #StandUpComedy #HighSchoolTalent ,21,39,CANADA,2023,9,1,14
Accidentally sent a love letter to the wrong person. Love note fail: Maximum embarrassment!,Embarrassed,2023-09-02 18:30:00,Love Letter Blunder High School,Facebook, #LoveLetterFail #HighSchoolAwkward ,17,33,USA,2023,9,2,18
Attempting to impress the teacher with an elaborate science experiment. Science geek mode: Activated!,Excitement,2023-09-03 22:00:00,Science Experiment Pro High School,Twitter, #ScienceGeek #HighSchoolExperiments ,23,44,UK,2023,9,3,22
Crafting intricate friendship bracelets for the whole squad. Friendship level: Expert weaver!,Joy,2023-09-04 15:15:00,Bracelet Craftsman High School,Instagram, #FriendshipBracelets #HighSchoolCrafts ,19,37,USA,2023,9,4,15
Attempting to beat the record for the most consecutive cartwheels. Cartwheel challenge: Underway!,Excitement,2023-09-05 12:30:00,Cartwheel Master High School,Twitter, #CartwheelChallenge #HighSchoolAthlete ,27,52,CANADA,2023,9,5,12
Organizing a movie marathon with friends. Popcorn and cinematic adventures await!,Joy,2023-09-06 16:45:00,Movie Marathon Host High School,Facebook, #MovieNight #HighSchoolMemories ,22,43,UK,2023,9,6,16
Experimenting with a new hair color. A bold change for a bold semester!,Excitement,2023-09-07 18:20:00,Hair Color Experiment High School,Instagram, #HairExperiment #HighSchoolStyle ,20,39,USA,2023,9,7,18
Building a time capsule to capture memories for the future. Time-traveling emotions!,Joy,2023-09-08 14:15:00,Time Capsule Creator High School,Facebook, #TimeCapsule #HighSchoolNostalgia ,26,48,CANADA,2023,9,8,14
Accidentally walked into the wrong classroom on the first day. Classroom mix-up: Awkward start!,Embarrassed,2023-09-09 17:30:00,Classroom Blunder High School,Twitter, #FirstDayOops #HighSchoolEmbarrassment ,16,32,USA,2023,9,9,17
Trying out a new smoothie recipe for a healthy start to the week. Smoothie enthusiast: Level up!,Excitement,2023-09-10 20:45:00,Smoothie Connoisseur High School,Instagram, #HealthyLiving #HighSchoolWellness ,23,42,UK,2023,9,10,20
Reflecting on the challenges of the school year. Feeling a bit overwhelmed with assignments.,Sad,2023-09-11 15:45:00,Overwhelmed High School Student,Twitter, #SchoolChallenges #HighSchoolStruggles ,15,28,USA,2023,9,11,15
Encountered some mean-spirited comments online. Dealing with online hate is never easy.,Hate,2023-09-12 12:30:00,Dealing With Hate High School,Instagram, #OnlineHate #HighSchoolReality ,18,36,CANADA,2023,9,12,12
Had a bad day at school. Everything seems to be going wrong.,Bad,2023-09-13 16:45:00,Tough Day High School,Facebook, #BadDay #HighSchoolBlues ,20,40,UK,2023,9,13,16
Feeling down after not making the sports team. Disappointment lingers.,Sad,2023-09-14 18:20:00,Sports Team Rejection High School,Twitter, #Disappointment #HighSchoolSports ,17,34,USA,2023,9,14,18
Witnessed a heated argument in the cafeteria. Unpleasant atmosphere at lunch.,Hate,2023-09-15 14:15:00,Cafeteria Conflict High School,Instagram, #CafeteriaDrama #HighSchoolTension ,21,41,CANADA,2023,9,15,14
Received a not-so-great grade on a major project. Academic frustration setting in.,Bad,2023-09-16 17:30:00,Project Grade Disappointment High School,Facebook, #AcademicFrustration #HighSchoolStress ,19,38,UK,2023,9,16,17
Dealing with a personal setback. Sometimes life throws unexpected challenges.,Sad,2023-09-17 20:45:00,Personal Setback High School,Twitter, #LifeChallenges #HighSchoolStruggles ,22,44,USA,2023,9,17,20
Feeling lonely on a Saturday night. Sometimes solitude hits harder than expected.,Sad,2023-09-18 22:00:00,Lonely Saturday High School,Instagram, #LonelyNights #HighSchoolEmotions ,16,31,CANADA,2023,9,18,22
Experiencing cyberbullying. Hateful messages online are disheartening.,Hate,2023-09-19 15:15:00,Cyberbullying Victim High School,Facebook, #StopCyberbullying #HighSchoolReality ,14,27,UK,2023,9,19,15
Caught in a torrential rainstorm without an umbrella. Today's weather is just bad luck.,Bad,2023-09-20 12:30:00,Rainy Day Blues High School,Twitter, #BadLuck #HighSchoolWeather ,18,35,USA,2023,9,20,12
Missing an important event due to unforeseen circumstances. A day filled with sadness.,Sad,2023-09-21 16:45:00,Missed Opportunity High School,Instagram, #MissedChances #HighSchoolRegret ,20,39,CANADA,2023,9,21,16
Dealing with unfounded rumors circulating about personal life. Rumors can be hurtful.,Hate,2023-09-22 18:20:00,Rumor Victim High School,Facebook, #RumorMills #HighSchoolDrama ,23,46,UK,2023,9,22,18
Got a flat tire on the way to an important meeting. Talk about a series of bad events!,Bad,2023-09-23 14:15:00,Flat Tire Woes High School,Twitter, #BadLuckDay #HighSchoolStruggles ,25,50,USA,2023,9,23,14
Feeling a sense of emptiness after a close friend moves away. Farewells are always sad.,Sad,2023-09-24 17:30:00,Friend Moving Away High School,Instagram, #SayingGoodbye #HighSchoolEmotions ,21,42,CANADA,2023,9,24,17
Facing rejection from a dream college. Disheartened but determined to explore other paths.,Sad,2023-09-25 20:45:00,College Rejection High School,Facebook, #CollegeDreams #HighSchoolJourney ,19,37,UK,2023,9,25,20
Encountering online toxicity during a gaming session. Hateful comments can ruin the fun.,Hate,2023-09-26 14:15:00,Gaming Toxicity High School,Twitter, #OnlineGaming #HighSchoolGamer ,16,32,USA,2023,9,26,14
Having a bad hair day and feeling self-conscious. Bad hair days can affect confidence.,Bad,2023-09-27 17:30:00,Bad Hair Day Blues High School,Instagram, #BadHairDay #HighSchoolConfidence ,18,36,CANADA,2023,9,27,17
Feeling a sense of despair after a major project failure. Hard work didn't pay off this time.,Sad,2023-09-28 22:00:00,Project Failure Despair High School,Facebook, #ProjectStruggles #HighSchoolHardships ,21,41,UK,2023,9,28,22
Experiencing hate comments for expressing personal opinions. Online negativity prevails.,Hate,2023-09-29 15:45:00,Opinions Hate High School,Twitter, #OnlineOpinions #HighSchoolCriticism ,24,48,USA,2023,9,29,15
Having a string of bad luck with constant technology malfunctions. Tech troubles galore!,Bad,2023-09-30 18:20:00,Tech Malfunction Woes High School,Instagram, #TechIssues #HighSchoolTech ,22,43,CANADA,2023,9,30,18
Missing out on a long-anticipated event due to unexpected circumstances. A day filled with sadness.,Sad,2023-10-01 14:15:00,Missed Event Blues High School,Facebook, #MissedMoments #HighSchoolRegret ,20,39,UK,2023,10,1,14
Trying out a new study technique for upcoming exams. Exploring different learning strategies.,Neutral,2023-10-02 16:45:00,Study Technique Experiment High School,Instagram, #StudyStrategies #HighSchoolExams ,23,42,USA,2023,10,2,16
Organizing a community cleanup event for a cleaner neighborhood. Promoting environmental awareness.,Neutral,2023-10-03 12:30:00,Community Cleanup High School,Twitter, #EnvironmentalEfforts #HighSchoolCommunity ,26,50,CANADA,2023,10,3,12
Sharing favorite book recommendations with classmates. Building a mini book club.,Neutral,2023-10-04 18:20:00,Book Recommendations High School,Facebook, #BookClub #HighSchoolReads ,19,38,UK,2023,10,4,18
Experimenting with a new recipe for a school bake sale. Baking adventures in the kitchen.,Neutral,2023-10-05 14:15:00,Bake Sale Recipe Experiment High School,Instagram, #BakingAdventures #HighSchoolBakes ,21,43,USA,2023,10,5,14
Collaborating on a school project with peers. Teamwork makes the dream work.,Neutral,2023-10-06 17:30:00,School Project Collaboration High School,Twitter, #Teamwork #HighSchoolProjects ,18,36,CANADA,2023,10,6,17
Attending a school club meeting to explore new interests. Dabbling in extracurricular activities.,Neutral,2023-10-07 20:45:00,Extracurricular Exploration High School,Instagram, #SchoolClubs #HighSchoolInterests ,22,45,UK,2023,10,7,20
Exploring a new part-time job opportunity for gaining work experience. Career development in progress.,Neutral,2023-10-08 15:15:00,Part Time Job Exploration High School,Facebook, #CareerDevelopment #HighSchoolJobs ,24,48,USA,2023,10,8,15
Attending a school assembly to stay informed about upcoming events and announcements. Staying connected with school activities.,Neutral,2023-10-09 22:00:00,School Assembly Participation High School,Twitter, #SchoolEvents #HighSchoolConnectivity ,20,40,CANADA,2023,10,9,22
Exploring a new hobby of photography during free time. Capturing moments through a lens.,Neutral,2023-10-10 14:15:00,Photography Hobby High School,Instagram, #PhotographyJourney #HighSchoolHobbies ,25,49,UK,2023,10,10,14
Participating in a science fair to showcase a unique experiment. Sharing knowledge with peers.,Neutral,2023-10-11 16:45:00,Science Fair Participation High School,Facebook, #ScienceFair #HighSchoolScience ,19,37,USA,2023,10,11,16
Attending a workshop on time management to enhance organizational skills. Striving for efficiency.,Neutral,2023-10-12 18:20:00,Time Management Workshop High School,Twitter, #EfficiencyGoals #HighSchoolSkills ,23,44,CANADA,2023,10,12,18
Volunteering at a local charity event to give back to the community. Contributing to social causes.,Neutral,2023-10-13 12:30:00,Charity Event Volunteer High School,Instagram, #CommunityService #HighSchoolVolunteer ,20,39,UK,2023,10,13,12
Collaborating on a group project to promote teamwork and shared responsibilities. Group effort in action.,Neutral,2023-10-14 17:30:00,Group Project Collaboration High School,Facebook, #TeamSpirit #HighSchoolProjects ,18,35,USA,2023,10,14,17
Participating in a debate club to enhance critical thinking and communication skills. Intellectual engagement in progress.,Neutral,2023-10-15 20:45:00,Debate Club Participation High School,Twitter, #DebateSkills #HighSchoolIntellect ,22,43,CANADA,2023,10,15,20
Celebrating a friend's birthday with a surprise party. Joyful moments and laughter all around!,Happy,2023-10-16 15:45:00,Birthday Surprise High School,Instagram, #SurpriseParty #HighSchoolCelebration ,27,52,UK,2023,10,16,15
Successfully completing a challenging coding project. Excitement for overcoming coding hurdles!,Happy,2023-10-17 12:30:00,Coding Success High School,Twitter, #CodingTriumph #HighSchoolTech ,24,48,USA,2023,10,17,12
Attending a school talent show to support classmates. Applauding the diverse talents on display!,Happy,2023-10-18 16:45:00,Talent Show Support High School,Facebook, #TalentShow #HighSchoolEntertainment ,19,38,CANADA,2023,10,18,16
"Exploring a new hiking trail with friends over the weekend. Nature, laughter, and good vibes!",Happy,2023-10-19 18:20:00,Weekend Hike High School,Instagram, #NatureAdventures #HighSchoolFriends ,21,42,UK,2023,10,19,18
Winning a friendly sports competition against rival schools. Victory celebrations in full swing!,Happy,2023-10-20 14:15:00,Sports Victory High School,Twitter, #SportsTriumph #HighSchoolAthletics ,26,50,USA,2023,10,20,14
Receiving a heartfelt letter from a pen pal in another country. Connecting across the globe!,Happy,2023-10-21 17:30:00,Pen Pal Connection High School,Facebook, #GlobalFriendship #HighSchoolCorrespondence ,23,45,CANADA,2023,10,21,17
Creating a beautiful mural with fellow art enthusiasts. The power of collaboration and creativity!,Happy,2023-10-22 20:45:00,Mural Creation High School,Instagram, #ArtCollaboration #HighSchoolCreativity ,22,43,UK,2023,10,22,20
Participating in a school-wide art exhibition. Witnessing creativity and spreading positive vibes!,Happy,2015-11-10 16:45:00,Art Exhibition Joy High School,Instagram, #ArtisticExpression #HighSchoolCreativity ,23,44,USA,2015,11,10,16
Achieving a personal best in a track and field competition. The thrill of victory and self-improvement!,Happy,2016-09-14 12:30:00,Track Field Success High School,Twitter, #AthleticAchievement #HighSchoolSports ,26,51,CANADA,2016,9,14,12
Collaborating on a science project that received recognition at a regional fair. Science triumphs and smiles!,Happy,2017-08-18 18:20:00,Science Project Success High School,Facebook, #ScienceFairWinner #HighSchoolScience ,20,39,UK,2017,8,18,18
"Attending a surprise birthday party organized by friends. Surrounded by love, laughter, and good company!",Happy,2018-06-22 14:15:00,Birthday Party Joy High School,Instagram, #SurpriseCelebration #HighSchoolFriendship ,25,48,USA,2018,6,22,14
Successfully fundraising for a school charity initiative. The joy of giving back to the community!,Happy,2019-04-05 17:30:00,Charity Fundraising Triumph High School,Twitter, #CommunityGiving #HighSchoolPhilanthropy ,22,42,CANADA,2019,4,5,17
"Participating in a multicultural festival, celebrating diversity with music, dance, and delicious food!",Happy,2020-02-29 20:45:00,Multicultural Festival Joy High School,Facebook, #CulturalCelebration #HighSchoolUnity ,21,43,UK,2020,2,29,20
"Organizing a virtual talent show during challenging times, bringing smiles to classmates' faces!",Happy,2020-11-15 15:15:00,Virtual Talent Show Success High School,Instagram, #VirtualEntertainment #HighSchoolPositivity ,24,47,USA,2020,11,15,15
